201907,11,1,편의점,서울특별시,4688
201907,11,1,카페/패스트푸드,서울특별시,5989
201907,11,1,분식,서울특별시,6610
201907,11,1,한식,서울특별시,7606
201907,11,1,양식,서울특별시,7659
201907,11,1,중식,서울특별시,7837
201907,11,1,동남아,서울특별시,8470
201907,11,1,일식,서울특별시,8645
201907,26,1,편의점,부산광역시,4260
201907,26,1,카페/패스트푸드,부산광역시,5132
201907,26,1,분식,부산광역시,6567
201907,26,1,중식,부산광역시,7154
201907,26,1,동남아,부산광역시,7404
201907,26,1,양식,부산광역시,7433
201907,26,1,한식,부산광역시,7787
201907,26,1,일식,부산광역시,8092
201907,27,1,편의점,대구광역시,6110
201907,27,1,카페/패스트푸드,대구광역시,6200
201907,27,1,일식,대구광역시,6303
201907,27,1,한식,대구광역시,6975
201907,27,1,중식,대구광역시,7141
201907,28,1,한식,인천광역시,5615
201907,28,1,카페/패스트푸드,인천광역시,5685
201907,28,1,분식,인천광역시,5715
201907,28,1,편의점,인천광역시,6613
201907,28,1,동남아,인천광역시,7224
201907,28,1,중식,인천광역시,7250
201907,28,1,양식,인천광역시,7503
201907,28,1,일식,인천광역시,7676
201907,29,1,편의점,광주광역시,4810
201907,29,1,분식,광주광역시,4934
201907,29,1,카페/패스트푸드,광주광역시,5257
201907,29,1,한식,광주광역시,5780
201907,29,1,일식,광주광역시,9877
201907,30,1,편의점,대전광역시,4312
201907,30,1,카페/패스트푸드,대전광역시,4344
201907,30,1,분식,대전광역시,5818
201907,30,1,중식,대전광역시,6509
201907,30,1,한식,대전광역시,6588
201907,30,1,양식,대전광역시,8325
201907,41,1,동남아,경기도,10914
201907,41,1,편의점,경기도,4375
201907,41,1,카페/패스트푸드,경기도,5712
201907,41,1,한식,경기도,6224
201907,41,1,분식,경기도,6909
201907,41,1,중식,경기도,7630
201907,41,1,일식,경기도,8190
201907,41,1,양식,경기도,9213
201907,42,1,일식,강원도,10000
201907,42,1,양식,강원도,9808
201907,42,1,한식,강원도,9956
201907,44,1,양식,충청남도,11050
201907,44,1,일식,충청남도,15900
201907,44,1,편의점,충청남도,4815
201907,44,1,한식,충청남도,6399
201907,44,1,분식,충청남도,6697
201907,44,1,카페/패스트푸드,충청남도,8468
201907,44,1,중식,충청남도,9413
201907,46,1,한식,전라남도,5952
201907,48,1,한식,경상남도,7068
201907,50,1,편의점,제주특별자치도,3744
201907,50,1,카페/패스트푸드,제주특별자치도,5689
201907,50,1,일식,제주특별자치도,6397
201907,50,1,한식,제주특별자치도,6910
201908,11,1,편의점,서울특별시,4722
201908,11,1,카페/패스트푸드,서울특별시,5856
201908,11,1,분식,서울특별시,6999
201908,11,1,한식,서울특별시,7589
201908,11,1,양식,서울특별시,7941
201908,11,1,중식,서울특별시,8029
201908,11,1,일식,서울특별시,8479
201908,11,1,동남아,서울특별시,8839
201908,26,1,카페/패스트푸드,부산광역시,5125
201908,26,1,분식,부산광역시,5835
201908,26,1,편의점,부산광역시,6278
201908,26,1,양식,부산광역시,6900
201908,26,1,중식,부산광역시,6901
201908,26,1,동남아,부산광역시,7162
201908,26,1,한식,부산광역시,7882
201908,26,1,일식,부산광역시,8061
201908,27,1,편의점,대구광역시,5755
201908,27,1,카페/패스트푸드,대구광역시,6048
201908,27,1,중식,대구광역시,6792
201908,27,1,한식,대구광역시,7004
201908,27,1,일식,대구광역시,7095
201908,28,1,한식,인천광역시,5618
201908,28,1,분식,인천광역시,6261
201908,28,1,편의점,인천광역시,6439
201908,28,1,동남아,인천광역시,6671
201908,28,1,카페/패스트푸드,인천광역시,6759
201908,28,1,일식,인천광역시,7512
201908,28,1,중식,인천광역시,7515
201908,28,1,양식,인천광역시,7651
201908,29,1,일식,광주광역시,10988
201908,29,1,분식,광주광역시,4821
201908,29,1,편의점,광주광역시,4987
201908,29,1,카페/패스트푸드,광주광역시,5578
201908,29,1,한식,광주광역시,5750
201908,30,1,편의점,대전광역시,4207
201908,30,1,카페/패스트푸드,대전광역시,4412
201908,30,1,분식,대전광역시,5772
201908,30,1,중식,대전광역시,6522
201908,30,1,한식,대전광역시,6571
201908,30,1,양식,대전광역시,8321
201908,41,1,동남아,경기도,10518
201908,41,1,편의점,경기도,4713
201908,41,1,카페/패스트푸드,경기도,5750
201908,41,1,한식,경기도,6086
201908,41,1,분식,경기도,7219
201908,41,1,중식,경기도,7715
201908,41,1,일식,경기도,7837
201908,41,1,양식,경기도,9369
201908,42,1,분식,강원도,10000
201908,42,1,일식,강원도,9278
201908,42,1,중식,강원도,9706
201908,42,1,한식,강원도,9882
201908,44,1,편의점,충청남도,4988
201908,44,1,한식,충청남도,6373
201908,44,1,분식,충청남도,6507
201908,44,1,일식,충청남도,8450
201908,44,1,카페/패스트푸드,충청남도,8981
201908,44,1,중식,충청남도,9293
201908,44,1,양식,충청남도,9405
201908,45,1,한식,전라북도,3500
201908,46,1,한식,전라남도,5000
201908,48,1,한식,경상남도,6795
201908,50,1,편의점,제주특별자치도,3733
201908,50,1,카페/패스트푸드,제주특별자치도,5768
201908,50,1,일식,제주특별자치도,6430
201908,50,1,한식,제주특별자치도,6883
201909,11,1,편의점,서울특별시,4719
201909,11,1,카페/패스트푸드,서울특별시,5888
201909,11,1,분식,서울특별시,6846
201909,11,1,한식,서울특별시,7672
201909,11,1,중식,서울특별시,8017
201909,11,1,양식,서울특별시,8174
201909,11,1,일식,서울특별시,8430
201909,11,1,동남아,서울특별시,8630
201909,26,1,카페/패스트푸드,부산광역시,5004
201909,26,1,편의점,부산광역시,5760
201909,26,1,양식,부산광역시,6656
201909,26,1,분식,부산광역시,6678
201909,26,1,동남아,부산광역시,6972
201909,26,1,중식,부산광역시,7033
201909,26,1,일식,부산광역시,7640
201909,26,1,한식,부산광역시,8536
201909,27,1,편의점,대구광역시,6316
201909,27,1,카페/패스트푸드,대구광역시,6375
201909,27,1,일식,대구광역시,6663
201909,27,1,한식,대구광역시,6934
201909,27,1,중식,대구광역시,6938
201909,27,1,양식,대구광역시,7338
201909,28,1,분식,인천광역시,5679
201909,28,1,한식,인천광역시,5764
201909,28,1,편의점,인천광역시,6134
201909,28,1,동남아,인천광역시,7395
201909,28,1,중식,인천광역시,7436
201909,28,1,일식,인천광역시,7479
201909,28,1,카페/패스트푸드,인천광역시,7634
201909,28,1,양식,인천광역시,7862
201909,29,1,일식,광주광역시,10811
201909,29,1,편의점,광주광역시,4351
201909,29,1,분식,광주광역시,4785
201909,29,1,카페/패스트푸드,광주광역시,5650
201909,29,1,한식,광주광역시,6022
201909,30,1,카페/패스트푸드,대전광역시,4083
201909,30,1,편의점,대전광역시,4191
201909,30,1,분식,대전광역시,5704
201909,30,1,한식,대전광역시,6444
201909,30,1,중식,대전광역시,6479
201909,30,1,양식,대전광역시,8487
201909,41,1,동남아,경기도,11115
201909,41,1,편의점,경기도,4708
201909,41,1,카페/패스트푸드,경기도,5799
201909,41,1,한식,경기도,6109
201909,41,1,분식,경기도,6798
201909,41,1,중식,경기도,7414
201909,41,1,일식,경기도,8184
201909,41,1,양식,경기도,9055
201909,42,1,일식,강원도,10000
201909,42,1,양식,강원도,9930
201909,42,1,한식,강원도,9938
201909,43,1,한식,충청북도,6600
201909,44,1,편의점,충청남도,5550
201909,44,1,분식,충청남도,6454
201909,44,1,한식,충청남도,6544
201909,44,1,양식,충청남도,8483
201909,44,1,중식,충청남도,8614
201909,44,1,카페/패스트푸드,충청남도,9029
201909,45,1,한식,전라북도,8500
201909,46,1,한식,전라남도,15000
201909,48,1,한식,경상남도,7043
201909,50,1,편의점,제주특별자치도,3743
201909,50,1,카페/패스트푸드,제주특별자치도,5896
201909,50,1,한식,제주특별자치도,7027
201909,50,1,일식,제주특별자치도,8788
201910,11,1,편의점,서울특별시,4606
201910,11,1,카페/패스트푸드,서울특별시,6019
201910,11,1,분식,서울특별시,6635
201910,11,1,한식,서울특별시,7648
201910,11,1,중식,서울특별시,8084
201910,11,1,양식,서울특별시,8343
201910,11,1,동남아,서울특별시,8553
201910,11,1,일식,서울특별시,8700
201910,26,1,편의점,부산광역시,5178
201910,26,1,카페/패스트푸드,부산광역시,5259
201910,26,1,분식,부산광역시,6437
201910,26,1,양식,부산광역시,6487
201910,26,1,동남아,부산광역시,6772
201910,26,1,한식,부산광역시,6817
201910,26,1,중식,부산광역시,7353
201910,26,1,일식,부산광역시,8051
201910,27,1,카페/패스트푸드,대구광역시,6067
201910,27,1,일식,대구광역시,6600
201910,27,1,한식,대구광역시,6998
201910,27,1,중식,대구광역시,7026
201910,27,1,양식,대구광역시,7191
201910,27,1,편의점,대구광역시,7822
201910,28,1,카페/패스트푸드,인천광역시,5539
201910,28,1,한식,인천광역시,5800
201910,28,1,분식,인천광역시,6253
201910,28,1,편의점,인천광역시,6500
201910,28,1,중식,인천광역시,7445
201910,28,1,동남아,인천광역시,7630
201910,28,1,양식,인천광역시,7653
201910,28,1,일식,인천광역시,7853
201910,29,1,일식,광주광역시,10297
201910,29,1,편의점,광주광역시,4553
201910,29,1,분식,광주광역시,4749
201910,29,1,카페/패스트푸드,광주광역시,5431
201910,29,1,한식,광주광역시,6167
201910,30,1,카페/패스트푸드,대전광역시,4232
201910,30,1,편의점,대전광역시,4602
201910,30,1,중식,대전광역시,6332
201910,30,1,한식,대전광역시,6686
201910,30,1,분식,대전광역시,7084
201910,30,1,양식,대전광역시,8453
201910,41,1,동남아,경기도,10991
201910,41,1,편의점,경기도,4047
201910,41,1,카페/패스트푸드,경기도,6191
201910,41,1,한식,경기도,6496
201910,41,1,분식,경기도,6725
201910,41,1,중식,경기도,7665
201910,41,1,양식,경기도,8212
201910,41,1,일식,경기도,8270
201910,42,1,일식,강원도,10000
201910,42,1,중식,강원도,10000
201910,42,1,양식,강원도,9525
201910,42,1,한식,강원도,9862
201910,43,1,한식,충청북도,7275
201910,43,1,카페/패스트푸드,충청북도,7687
201910,43,1,중식,충청북도,7841
201910,44,1,편의점,충청남도,5365
201910,44,1,분식,충청남도,6406
201910,44,1,한식,충청남도,6951
201910,44,1,카페/패스트푸드,충청남도,8381
201910,44,1,중식,충청남도,8812
201910,44,1,양식,충청남도,8920
201910,46,1,한식,전라남도,7200
201910,47,1,중식,경상북도,7632
201910,48,1,분식,경상남도,7250
201910,48,1,한식,경상남도,7618
201910,48,1,일식,경상남도,7715
201910,48,1,카페/패스트푸드,경상남도,7788
201910,48,1,중식,경상남도,7923
201910,50,1,편의점,제주특별자치도,4565
201910,50,1,카페/패스트푸드,제주특별자치도,6042
201910,50,1,한식,제주특별자치도,7086
201910,50,1,일식,제주특별자치도,9139
201911,11,1,편의점,서울특별시,4757
201911,11,1,카페/패스트푸드,서울특별시,6008
201911,11,1,분식,서울특별시,6630
201911,11,1,한식,서울특별시,7707
201911,11,1,양식,서울특별시,8013
201911,11,1,중식,서울특별시,8059
201911,11,1,일식,서울특별시,8780
201911,11,1,동남아,서울특별시,8797
201911,26,1,카페/패스트푸드,부산광역시,5136
201911,26,1,양식,부산광역시,5884
201911,26,1,편의점,부산광역시,6544
201911,26,1,분식,부산광역시,6637
201911,26,1,동남아,부산광역시,7151
201911,26,1,중식,부산광역시,7697
201911,26,1,한식,부산광역시,7896
201911,26,1,일식,부산광역시,8141
201911,27,1,일식,대구광역시,6059
201911,27,1,카페/패스트푸드,대구광역시,6428
201911,27,1,한식,대구광역시,6858
201911,27,1,편의점,대구광역시,6983
201911,27,1,중식,대구광역시,7089
201911,27,1,양식,대구광역시,7222
201911,28,1,카페/패스트푸드,인천광역시,5810
201911,28,1,한식,인천광역시,5818
201911,28,1,편의점,인천광역시,6505
201911,28,1,일식,인천광역시,7050
201911,28,1,중식,인천광역시,7434
201911,28,1,동남아,인천광역시,7510
201911,28,1,양식,인천광역시,7544
201911,28,1,분식,인천광역시,7954
201911,29,1,일식,광주광역시,10227
201911,29,1,편의점,광주광역시,4022
201911,29,1,분식,광주광역시,4892
201911,29,1,카페/패스트푸드,광주광역시,5483
201911,29,1,한식,광주광역시,6035
201911,30,1,카페/패스트푸드,대전광역시,3995
201911,30,1,편의점,대전광역시,4405
201911,30,1,중식,대전광역시,6606
201911,30,1,분식,대전광역시,6689
201911,30,1,한식,대전광역시,6721
201911,30,1,양식,대전광역시,8459
201911,41,1,동남아,경기도,10582
201911,41,1,편의점,경기도,4613
201911,41,1,한식,경기도,6383
201911,41,1,분식,경기도,6550
201911,41,1,카페/패스트푸드,경기도,6748
201911,41,1,중식,경기도,8068
201911,41,1,양식,경기도,8229
201911,41,1,일식,경기도,8253
201911,42,1,양식,강원도,10000
201911,42,1,분식,강원도,10000
201911,42,1,카페/패스트푸드,강원도,7189
201911,42,1,한식,강원도,8789
201911,42,1,중식,강원도,9579
201911,42,1,일식,강원도,9976
201911,43,1,한식,충청북도,7425
201911,43,1,카페/패스트푸드,충청북도,7849
201911,43,1,중식,충청북도,7943
201911,44,1,일식,충청남도,14850
201911,44,1,편의점,충청남도,4896
201911,44,1,분식,충청남도,6261
201911,44,1,한식,충청남도,6777
201911,44,1,중식,충청남도,8528
201911,44,1,카페/패스트푸드,충청남도,8925
201911,44,1,양식,충청남도,9967
201911,47,1,중식,경상북도,7636
201911,47,1,한식,경상북도,8000
201911,48,1,분식,경상남도,7567
201911,48,1,일식,경상남도,7671
201911,48,1,한식,경상남도,7679
201911,48,1,카페/패스트푸드,경상남도,7757
201911,48,1,중식,경상남도,7800
201911,50,1,편의점,제주특별자치도,4496
201911,50,1,카페/패스트푸드,제주특별자치도,6024
201911,50,1,한식,제주특별자치도,7130
201911,50,1,일식,제주특별자치도,8916
201912,11,1,편의점,서울특별시,4711
201912,11,1,카페/패스트푸드,서울특별시,6209
201912,11,1,분식,서울특별시,6924
201912,11,1,한식,서울특별시,7634
201912,11,1,양식,서울특별시,7898
201912,11,1,중식,서울특별시,8260
201912,11,1,일식,서울특별시,8357
201912,11,1,동남아,서울특별시,8511
201912,26,1,카페/패스트푸드,부산광역시,4972
201912,26,1,양식,부산광역시,5923
201912,26,1,편의점,부산광역시,6251
201912,26,1,분식,부산광역시,6636
201912,26,1,동남아,부산광역시,6865
201912,26,1,중식,부산광역시,7129
201912,26,1,한식,부산광역시,8277
201912,26,1,일식,부산광역시,9122
201912,27,1,카페/패스트푸드,대구광역시,5981
201912,27,1,일식,대구광역시,5985
201912,27,1,편의점,대구광역시,6187
201912,27,1,중식,대구광역시,6887
201912,27,1,한식,대구광역시,6979
201912,27,1,양식,대구광역시,7088
201912,28,1,분식,인천광역시,5687
201912,28,1,카페/패스트푸드,인천광역시,5748
201912,28,1,한식,인천광역시,5811
201912,28,1,편의점,인천광역시,6676
201912,28,1,일식,인천광역시,6834
201912,28,1,양식,인천광역시,7431
201912,28,1,동남아,인천광역시,7444
201912,28,1,중식,인천광역시,7460
201912,29,1,일식,광주광역시,10324
201912,29,1,편의점,광주광역시,4493
201912,29,1,분식,광주광역시,4831
201912,29,1,카페/패스트푸드,광주광역시,5118
201912,29,1,한식,광주광역시,6498
201912,30,1,편의점,대전광역시,4170
201912,30,1,카페/패스트푸드,대전광역시,6154
201912,30,1,중식,대전광역시,6870
201912,30,1,분식,대전광역시,7129
201912,30,1,한식,대전광역시,7730
201912,30,1,양식,대전광역시,8429
201912,41,1,동남아,경기도,10769
201912,41,1,편의점,경기도,4725
201912,41,1,한식,경기도,6063
201912,41,1,카페/패스트푸드,경기도,6625
201912,41,1,분식,경기도,7034
201912,41,1,중식,경기도,7559
201912,41,1,일식,경기도,8341
201912,41,1,양식,경기도,8721
201912,42,1,일식,강원도,10536
201912,42,1,카페/패스트푸드,강원도,7447
201912,42,1,양식,강원도,8517
201912,42,1,한식,강원도,8949
201912,42,1,중식,강원도,9527
201912,43,1,한식,충청북도,7464
201912,43,1,카페/패스트푸드,충청북도,7841
201912,43,1,중식,충청북도,7885
201912,44,1,분식,충청남도,6426
201912,44,1,한식,충청남도,6541
201912,44,1,편의점,충청남도,7048
201912,44,1,양식,충청남도,8000
201912,44,1,카페/패스트푸드,충청남도,8390
201912,44,1,중식,충청남도,9242
201912,47,1,한식,경상북도,5500
201912,47,1,중식,경상북도,7357
201912,48,1,한식,경상남도,7205
201912,48,1,분식,경상남도,7638
201912,48,1,카페/패스트푸드,경상남도,7740
201912,48,1,중식,경상남도,7813
201912,48,1,일식,경상남도,7889
201912,50,1,편의점,제주특별자치도,4949
201912,50,1,카페/패스트푸드,제주특별자치도,5905
201912,50,1,한식,제주특별자치도,7101
201912,50,1,일식,제주특별자치도,9273
202001,11,1,편의점,서울특별시,4534
202001,11,1,카페/패스트푸드,서울특별시,6051
202001,11,1,분식,서울특별시,6855
202001,11,1,일식,서울특별시,7696
202001,11,1,한식,서울특별시,7738
202001,11,1,중식,서울특별시,7918
202001,11,1,양식,서울특별시,8326
202001,11,1,동남아,서울특별시,9250
202001,26,1,카페/패스트푸드,부산광역시,5094
202001,26,1,분식,부산광역시,6531
202001,26,1,양식,부산광역시,6602
202001,26,1,동남아,부산광역시,6620
202001,26,1,중식,부산광역시,7089
202001,26,1,한식,부산광역시,7250
202001,26,1,편의점,부산광역시,7989
202001,26,1,일식,부산광역시,8161
202001,27,1,카페/패스트푸드,대구광역시,5899
202001,27,1,일식,대구광역시,6124
202001,27,1,편의점,대구광역시,6951
202001,27,1,중식,대구광역시,6983
202001,27,1,한식,대구광역시,7179
202001,28,1,카페/패스트푸드,인천광역시,5571
202001,28,1,한식,인천광역시,5774
202001,28,1,분식,인천광역시,6488
202001,28,1,일식,인천광역시,6584
202001,28,1,편의점,인천광역시,7008
202001,28,1,양식,인천광역시,7496
202001,28,1,동남아,인천광역시,7513
202001,28,1,중식,인천광역시,7623
202001,29,1,편의점,광주광역시,4202
202001,29,1,분식,광주광역시,4684
202001,29,1,카페/패스트푸드,광주광역시,5549
202001,29,1,한식,광주광역시,6419
202001,29,1,일식,광주광역시,9860
202001,30,1,편의점,대전광역시,4266
202001,30,1,카페/패스트푸드,대전광역시,5640
202001,30,1,중식,대전광역시,6872
202001,30,1,분식,대전광역시,7501
202001,30,1,한식,대전광역시,7649
202001,30,1,양식,대전광역시,8497
202001,41,1,동남아,경기도,10344
202001,41,1,편의점,경기도,4949
202001,41,1,카페/패스트푸드,경기도,6469
202001,41,1,한식,경기도,6701
202001,41,1,분식,경기도,6961
202001,41,1,중식,경기도,7759
202001,41,1,일식,경기도,7806
202001,41,1,양식,경기도,7957
202001,42,1,중식,강원도,10130
202001,42,1,일식,강원도,10430
202001,42,1,카페/패스트푸드,강원도,7810
202001,42,1,한식,강원도,8904
202001,42,1,양식,강원도,8949
202001,42,1,분식,강원도,9667
202001,43,1,한식,충청북도,7657
202001,43,1,중식,충청북도,7892
202001,43,1,카페/패스트푸드,충청북도,7992
202001,44,1,분식,충청남도,5917
202001,44,1,한식,충청남도,6330
202001,44,1,편의점,충청남도,7183
202001,44,1,카페/패스트푸드,충청남도,8395
202001,44,1,중식,충청남도,8796
202001,44,1,양식,충청남도,9950
202001,47,1,중식,경상북도,7333
202001,48,1,한식,경상남도,7052
202001,48,1,카페/패스트푸드,경상남도,7688
202001,48,1,중식,경상남도,7844
202001,48,1,분식,경상남도,7900
202001,48,1,일식,경상남도,7923
202001,50,1,편의점,제주특별자치도,5805
202001,50,1,카페/패스트푸드,제주특별자치도,5860
202001,50,1,한식,제주특별자치도,7179
202001,50,1,일식,제주특별자치도,8602
202002,11,1,편의점,서울특별시,4911
202002,11,1,카페/패스트푸드,서울특별시,6178
202002,11,1,분식,서울특별시,7014
202002,11,1,한식,서울특별시,7734
202002,11,1,중식,서울특별시,8002
202002,11,1,양식,서울특별시,8095
202002,11,1,일식,서울특별시,8326
202002,11,1,동남아,서울특별시,8809
202002,26,1,양식,부산광역시,10948
202002,26,1,카페/패스트푸드,부산광역시,4983
202002,26,1,편의점,부산광역시,5792
202002,26,1,한식,부산광역시,6572
202002,26,1,동남아,부산광역시,6896
202002,26,1,분식,부산광역시,7106
202002,26,1,중식,부산광역시,7445
202002,26,1,일식,부산광역시,8117
202002,27,1,양식,대구광역시,1000
202002,27,1,카페/패스트푸드,대구광역시,6062
202002,27,1,편의점,대구광역시,6063
202002,27,1,일식,대구광역시,6162
202002,27,1,한식,대구광역시,6533
202002,27,1,중식,대구광역시,7097
202002,28,1,분식,인천광역시,5727
202002,28,1,한식,인천광역시,5760
202002,28,1,카페/패스트푸드,인천광역시,5815
202002,28,1,편의점,인천광역시,6751
202002,28,1,일식,인천광역시,7065
202002,28,1,동남아,인천광역시,7503
202002,28,1,중식,인천광역시,7554
202002,28,1,양식,인천광역시,7807
202002,29,1,일식,광주광역시,10593
202002,29,1,편의점,광주광역시,4902
202002,29,1,분식,광주광역시,5099
202002,29,1,카페/패스트푸드,광주광역시,6309
202002,29,1,한식,광주광역시,6409
202002,30,1,편의점,대전광역시,4259
202002,30,1,카페/패스트푸드,대전광역시,5663
202002,30,1,한식,대전광역시,6910
202002,30,1,중식,대전광역시,7435
202002,30,1,분식,대전광역시,7709
202002,30,1,양식,대전광역시,8599
202002,30,1,일식,대전광역시,8643
202002,41,1,동남아,경기도,10297
202002,41,1,편의점,경기도,4863
202002,41,1,한식,경기도,6644
202002,41,1,카페/패스트푸드,경기도,7041
202002,41,1,분식,경기도,7227
202002,41,1,중식,경기도,7623
202002,41,1,일식,경기도,7878
202002,41,1,양식,경기도,8046
202002,42,1,양식,강원도,10071
202002,42,1,중식,강원도,10083
202002,42,1,일식,강원도,10396
202002,42,1,카페/패스트푸드,강원도,7460
202002,42,1,한식,강원도,8876
202002,43,1,한식,충청북도,7791
202002,43,1,중식,충청북도,7896
202002,43,1,카페/패스트푸드,충청북도,7927
202002,44,1,양식,충청남도,10500
202002,44,1,한식,충청남도,6520
202002,44,1,분식,충청남도,6649
202002,44,1,편의점,충청남도,7716
202002,44,1,일식,충청남도,8105
202002,44,1,카페/패스트푸드,충청남도,8275
202002,44,1,중식,충청남도,8969
202002,45,1,한식,전라북도,7500
202002,47,1,중식,경상북도,7905
202002,47,1,한식,경상북도,8000
202002,48,1,한식,경상남도,7184
202002,48,1,분식,경상남도,7500
202002,48,1,중식,경상남도,7737
202002,48,1,카페/패스트푸드,경상남도,7973
202002,48,1,일식,경상남도,8000
202002,50,1,카페/패스트푸드,제주특별자치도,5939
202002,50,1,편의점,제주특별자치도,5983
202002,50,1,한식,제주특별자치도,7092
202002,50,1,일식,제주특별자치도,8711
202003,11,1,편의점,서울특별시,4732
202003,11,1,카페/패스트푸드,서울특별시,5975
202003,11,1,분식,서울특별시,7096
202003,11,1,한식,서울특별시,7664
202003,11,1,중식,서울특별시,7929
202003,11,1,양식,서울특별시,7984
202003,11,1,일식,서울특별시,8648
202003,11,1,동남아,서울특별시,9788
202003,26,1,카페/패스트푸드,부산광역시,5257
202003,26,1,편의점,부산광역시,6021
202003,26,1,동남아,부산광역시,6648
202003,26,1,분식,부산광역시,6649
202003,26,1,한식,부산광역시,6732
202003,26,1,양식,부산광역시,7414
202003,26,1,중식,부산광역시,7589
202003,26,1,일식,부산광역시,7843
202003,27,1,편의점,대구광역시,5677
202003,27,1,카페/패스트푸드,대구광역시,5761
202003,27,1,일식,대구광역시,5966
202003,27,1,한식,대구광역시,6939
202003,27,1,중식,대구광역시,7789
202003,28,1,한식,인천광역시,5655
202003,28,1,카페/패스트푸드,인천광역시,5710
202003,28,1,분식,인천광역시,5739
202003,28,1,편의점,인천광역시,6433
202003,28,1,일식,인천광역시,7250
202003,28,1,중식,인천광역시,7303
202003,28,1,양식,인천광역시,7425
202003,28,1,동남아,인천광역시,7491
202003,29,1,일식,광주광역시,10286
202003,29,1,분식,광주광역시,4901
202003,29,1,카페/패스트푸드,광주광역시,5943
202003,29,1,한식,광주광역시,6827
202003,29,1,편의점,광주광역시,7143
202003,30,1,편의점,대전광역시,4495
202003,30,1,카페/패스트푸드,대전광역시,5311
202003,30,1,한식,대전광역시,7101
202003,30,1,분식,대전광역시,7893
202003,30,1,중식,대전광역시,7921
202003,30,1,일식,대전광역시,7964
202003,30,1,양식,대전광역시,8634
202003,41,1,동남아,경기도,10687
202003,41,1,편의점,경기도,5573
202003,41,1,카페/패스트푸드,경기도,6541
202003,41,1,한식,경기도,6805
202003,41,1,분식,경기도,6850
202003,41,1,중식,경기도,7744
202003,41,1,일식,경기도,7874
202003,41,1,양식,경기도,8357
202003,42,1,중식,강원도,10560
202003,42,1,일식,강원도,10993
202003,42,1,양식,강원도,11064
202003,42,1,카페/패스트푸드,강원도,7592
202003,42,1,한식,강원도,8038
202003,43,1,한식,충청북도,7814
202003,43,1,중식,충청북도,7861
202003,43,1,카페/패스트푸드,충청북도,7942
202003,44,1,양식,충청남도,10250
202003,44,1,편의점,충청남도,6127
202003,44,1,분식,충청남도,6468
202003,44,1,한식,충청남도,6657
202003,44,1,카페/패스트푸드,충청남도,7870
202003,44,1,중식,충청남도,9287
202003,47,1,한식,경상북도,8000
202003,48,1,카페/패스트푸드,경상남도,7738
202003,48,1,한식,경상남도,7750
202003,48,1,분식,경상남도,7814
202003,48,1,중식,경상남도,7969
202003,48,1,일식,경상남도,8000
202003,50,1,편의점,제주특별자치도,5596
202003,50,1,카페/패스트푸드,제주특별자치도,5893
202003,50,1,한식,제주특별자치도,7012
202003,50,1,일식,제주특별자치도,8901
202004,11,1,편의점,서울특별시,4934
202004,11,1,카페/패스트푸드,서울특별시,6167
202004,11,1,분식,서울특별시,7117
202004,11,1,한식,서울특별시,7750
202004,11,1,중식,서울특별시,8050
202004,11,1,양식,서울특별시,8656
202004,11,1,일식,서울특별시,8950
202004,11,1,동남아,서울특별시,9121
202004,26,1,카페/패스트푸드,부산광역시,4986
202004,26,1,편의점,부산광역시,5208
202004,26,1,분식,부산광역시,6657
202004,26,1,한식,부산광역시,7007
202004,26,1,양식,부산광역시,7040
202004,26,1,동남아,부산광역시,7251
202004,26,1,중식,부산광역시,7632
202004,26,1,일식,부산광역시,8121
202004,27,1,편의점,대구광역시,5366
202004,27,1,일식,대구광역시,5729
202004,27,1,카페/패스트푸드,대구광역시,6178
202004,27,1,한식,대구광역시,6732
202004,27,1,중식,대구광역시,7019
202004,28,1,카페/패스트푸드,인천광역시,5371
202004,28,1,한식,인천광역시,5657
202004,28,1,양식,인천광역시,6491
202004,28,1,편의점,인천광역시,6625
202004,28,1,동남아,인천광역시,6667
202004,28,1,분식,인천광역시,6998
202004,28,1,일식,인천광역시,7000
202004,28,1,중식,인천광역시,7325
202004,29,1,일식,광주광역시,10437
202004,29,1,분식,광주광역시,4852
202004,29,1,카페/패스트푸드,광주광역시,6063
202004,29,1,편의점,광주광역시,6097
202004,29,1,한식,광주광역시,6933
202004,30,1,편의점,대전광역시,4336
202004,30,1,카페/패스트푸드,대전광역시,5233
202004,30,1,한식,대전광역시,6939
202004,30,1,분식,대전광역시,7988
202004,30,1,중식,대전광역시,8082
202004,30,1,일식,대전광역시,8381
202004,30,1,양식,대전광역시,8542
202004,31,1,카페/패스트푸드,울산광역시,7967
202004,41,1,동남아,경기도,10707
202004,41,1,편의점,경기도,5357
202004,41,1,카페/패스트푸드,경기도,6724
202004,41,1,한식,경기도,6767
202004,41,1,분식,경기도,6928
202004,41,1,양식,경기도,7489
202004,41,1,일식,경기도,7770
202004,41,1,중식,경기도,7851
202004,42,1,중식,강원도,10221
202004,42,1,양식,강원도,11096
202004,42,1,일식,강원도,11219
202004,42,1,한식,강원도,8044
202004,42,1,카페/패스트푸드,강원도,8218
202004,43,1,카페/패스트푸드,충청북도,6708
202004,43,1,편의점,충청북도,6750
202004,43,1,한식,충청북도,7854
202004,43,1,중식,충청북도,7943
202004,43,1,일식,충청북도,8800
202004,44,1,편의점,충청남도,5140
202004,44,1,한식,충청남도,6659
202004,44,1,분식,충청남도,6921
202004,44,1,카페/패스트푸드,충청남도,7824
202004,44,1,중식,충청남도,8972
202004,44,1,양식,충청남도,9700
202004,47,1,카페/패스트푸드,경상북도,12000
202004,47,1,중식,경상북도,8000
202004,47,1,한식,경상북도,8000
202004,48,1,분식,경상남도,7573
202004,48,1,중식,경상남도,7840
202004,48,1,카페/패스트푸드,경상남도,7886
202004,48,1,일식,경상남도,7936
202004,48,1,한식,경상남도,8428
202004,50,1,편의점,제주특별자치도,5692
202004,50,1,카페/패스트푸드,제주특별자치도,5878
202004,50,1,한식,제주특별자치도,6969
202004,50,1,일식,제주특별자치도,9463
202005,11,1,편의점,서울특별시,4752
202005,11,1,카페/패스트푸드,서울특별시,6200
202005,11,1,분식,서울특별시,7065
202005,11,1,한식,서울특별시,7668
202005,11,1,양식,서울특별시,8203
202005,11,1,중식,서울특별시,8216
202005,11,1,일식,서울특별시,8571
202005,11,1,동남아,서울특별시,8800
202005,26,1,카페/패스트푸드,부산광역시,5476
202005,26,1,편의점,부산광역시,6127
202005,26,1,분식,부산광역시,6198
202005,26,1,한식,부산광역시,6834
202005,26,1,양식,부산광역시,6942
202005,26,1,중식,부산광역시,7316
202005,26,1,동남아,부산광역시,7999
202005,26,1,일식,부산광역시,8101
202005,27,1,카페/패스트푸드,대구광역시,5269
202005,27,1,편의점,대구광역시,5736
202005,27,1,일식,대구광역시,6197
202005,27,1,한식,대구광역시,6808
202005,27,1,중식,대구광역시,7261
202005,28,1,한식,인천광역시,5522
202005,28,1,편의점,인천광역시,5530
202005,28,1,분식,인천광역시,6965
202005,28,1,중식,인천광역시,7170
202005,28,1,양식,인천광역시,7268
202005,28,1,일식,인천광역시,7500
202005,28,1,동남아,인천광역시,7789
202005,28,1,카페/패스트푸드,인천광역시,8221
202005,29,1,일식,광주광역시,10151
202005,29,1,분식,광주광역시,4755
202005,29,1,카페/패스트푸드,광주광역시,6178
202005,29,1,한식,광주광역시,6245
202005,29,1,편의점,광주광역시,6293
202005,30,1,편의점,대전광역시,4146
202005,30,1,카페/패스트푸드,대전광역시,5123
202005,30,1,한식,대전광역시,6963
202005,30,1,분식,대전광역시,7418
202005,30,1,일식,대전광역시,7717
202005,30,1,중식,대전광역시,7820
202005,30,1,양식,대전광역시,8446
202005,31,1,카페/패스트푸드,울산광역시,7850
202005,41,1,동남아,경기도,10105
202005,41,1,편의점,경기도,5604
202005,41,1,카페/패스트푸드,경기도,6743
202005,41,1,분식,경기도,6822
202005,41,1,한식,경기도,6845
202005,41,1,중식,경기도,7724
202005,41,1,일식,경기도,7935
202005,41,1,양식,경기도,8181
202005,42,1,중식,강원도,10890
202005,42,1,일식,강원도,11029
202005,42,1,양식,강원도,11268
202005,42,1,한식,강원도,8063
202005,42,1,카페/패스트푸드,강원도,8529
202005,43,1,편의점,충청북도,5063
202005,43,1,카페/패스트푸드,충청북도,7180
202005,43,1,한식,충청북도,7787
202005,43,1,중식,충청북도,7858
202005,43,1,일식,충청북도,8800
202005,44,1,일식,충청남도,10000
202005,44,1,편의점,충청남도,4361
202005,44,1,한식,충청남도,6539
202005,44,1,분식,충청남도,7511
202005,44,1,카페/패스트푸드,충청남도,7766
202005,44,1,양식,충청남도,8015
202005,44,1,중식,충청남도,8408
202005,47,1,한식,경상북도,7667
202005,47,1,중식,경상북도,8000
202005,48,1,중식,경상남도,7545
202005,48,1,한식,경상남도,7577
202005,48,1,카페/패스트푸드,경상남도,7832
202005,48,1,분식,경상남도,7833
202005,48,1,일식,경상남도,8000
202005,50,1,편의점,제주특별자치도,5439
202005,50,1,카페/패스트푸드,제주특별자치도,6057
202005,50,1,한식,제주특별자치도,7176
202005,50,1,일식,제주특별자치도,8932
202006,11,1,편의점,서울특별시,4711
202006,11,1,카페/패스트푸드,서울특별시,6132
202006,11,1,분식,서울특별시,6890
202006,11,1,한식,서울특별시,7679
202006,11,1,중식,서울특별시,8116
202006,11,1,일식,서울특별시,8663
202006,11,1,양식,서울특별시,9156
202006,11,1,동남아,서울특별시,9469
202006,26,1,양식,부산광역시,10121
202006,26,1,카페/패스트푸드,부산광역시,5465
202006,26,1,분식,부산광역시,6194
202006,26,1,편의점,부산광역시,6301
202006,26,1,한식,부산광역시,6807
202006,26,1,중식,부산광역시,7205
202006,26,1,동남아,부산광역시,7813
202006,26,1,일식,부산광역시,8265
202006,27,1,카페/패스트푸드,대구광역시,5700
202006,27,1,일식,대구광역시,6020
202006,27,1,편의점,대구광역시,6451
202006,27,1,한식,대구광역시,6902
202006,27,1,양식,대구광역시,7000
202006,27,1,중식,대구광역시,9244
202006,28,1,한식,인천광역시,5611
202006,28,1,양식,인천광역시,6403
202006,28,1,일식,인천광역시,6500
202006,28,1,편의점,인천광역시,6625
202006,28,1,카페/패스트푸드,인천광역시,6691
202006,28,1,분식,인천광역시,6857
202006,28,1,동남아,인천광역시,7048
202006,28,1,중식,인천광역시,7854
202006,29,1,일식,광주광역시,10648
202006,29,1,분식,광주광역시,5103
202006,29,1,편의점,광주광역시,5876
202006,29,1,한식,광주광역시,6088
202006,29,1,카페/패스트푸드,광주광역시,6361
202006,30,1,편의점,대전광역시,4242
202006,30,1,카페/패스트푸드,대전광역시,5590
202006,30,1,한식,대전광역시,7113
202006,30,1,중식,대전광역시,7617
202006,30,1,분식,대전광역시,7694
202006,30,1,일식,대전광역시,8000
202006,30,1,양식,대전광역시,8210
202006,31,1,카페/패스트푸드,울산광역시,7867
202006,41,1,동남아,경기도,10671
202006,41,1,편의점,경기도,4468
202006,41,1,카페/패스트푸드,경기도,6418
202006,41,1,한식,경기도,6895
202006,41,1,분식,경기도,7071
202006,41,1,중식,경기도,7599
202006,41,1,양식,경기도,8074
202006,41,1,일식,경기도,8566
202006,42,1,중식,강원도,10125
202006,42,1,양식,강원도,10671
202006,42,1,일식,강원도,11000
202006,42,1,한식,강원도,7464
202006,42,1,카페/패스트푸드,강원도,8154
202006,43,1,카페/패스트푸드,충청북도,7586
202006,43,1,한식,충청북도,7823
202006,43,1,편의점,충청북도,7875
202006,43,1,중식,충청북도,7929
202006,43,1,일식,충청북도,8800
202006,44,1,편의점,충청남도,4447
202006,44,1,한식,충청남도,6373
202006,44,1,일식,충청남도,7320
202006,44,1,카페/패스트푸드,충청남도,7759
202006,44,1,분식,충청남도,7765
202006,44,1,중식,충청남도,8293
202006,44,1,양식,충청남도,9520
202006,47,1,중식,경상북도,7750
202006,47,1,한식,경상북도,8000
202006,48,1,한식,경상남도,7658
202006,48,1,분식,경상남도,7776
202006,48,1,카페/패스트푸드,경상남도,7800
202006,48,1,중식,경상남도,7867
202006,48,1,일식,경상남도,8000
202006,50,1,편의점,제주특별자치도,5630
202006,50,1,카페/패스트푸드,제주특별자치도,6067
202006,50,1,한식,제주특별자치도,7270
202006,50,1,일식,제주특별자치도,9010
202007,11,1,편의점,서울특별시,4768
202007,11,1,카페/패스트푸드,서울특별시,6242
202007,11,1,분식,서울특별시,7050
202007,11,1,한식,서울특별시,7540
202007,11,1,중식,서울특별시,8083
202007,11,1,일식,서울특별시,8520
202007,11,1,양식,서울특별시,8598
202007,11,1,동남아,서울특별시,8795
202007,26,1,카페/패스트푸드,부산광역시,5908
202007,26,1,분식,부산광역시,6323
202007,26,1,한식,부산광역시,6704
202007,26,1,양식,부산광역시,6804
202007,26,1,중식,부산광역시,7272
202007,26,1,편의점,부산광역시,7460
202007,26,1,동남아,부산광역시,8003
202007,26,1,일식,부산광역시,8075
202007,27,1,카페/패스트푸드,대구광역시,5320
202007,27,1,편의점,대구광역시,5818
202007,27,1,한식,대구광역시,6824
202007,27,1,일식,대구광역시,6833
202007,27,1,양식,대구광역시,7000
202007,27,1,중식,대구광역시,9900
202007,28,1,한식,인천광역시,5230
202007,28,1,편의점,인천광역시,5583
202007,28,1,양식,인천광역시,6150
202007,28,1,분식,인천광역시,6347
202007,28,1,일식,인천광역시,6750
202007,28,1,중식,인천광역시,7595
202007,28,1,동남아,인천광역시,7600
202007,28,1,카페/패스트푸드,인천광역시,7881
202007,29,1,일식,광주광역시,10305
202007,29,1,편의점,광주광역시,6063
202007,29,1,카페/패스트푸드,광주광역시,6090
202007,29,1,한식,광주광역시,6734
202007,30,1,편의점,대전광역시,4551
202007,30,1,카페/패스트푸드,대전광역시,6082
202007,30,1,한식,대전광역시,7153
202007,30,1,분식,대전광역시,7194
202007,30,1,중식,대전광역시,8030
202007,30,1,일식,대전광역시,8466
202007,30,1,양식,대전광역시,8788
202007,41,1,동남아,경기도,11336
202007,41,1,편의점,경기도,5637
202007,41,1,분식,경기도,6623
202007,41,1,카페/패스트푸드,경기도,6689
202007,41,1,한식,경기도,6970
202007,41,1,중식,경기도,7572
202007,41,1,일식,경기도,7794
202007,41,1,양식,경기도,8867
202007,42,1,중식,강원도,10348
202007,42,1,일식,강원도,10511
202007,42,1,양식,강원도,10834
202007,42,1,분식,강원도,11000
202007,42,1,한식,강원도,8361
202007,42,1,카페/패스트푸드,강원도,8395
202007,43,1,편의점,충청북도,4500
202007,43,1,카페/패스트푸드,충청북도,6741
202007,43,1,한식,충청북도,7905
202007,43,1,중식,충청북도,7974
202007,43,1,일식,충청북도,8800
202007,44,1,편의점,충청남도,5353
202007,44,1,한식,충청남도,6420
202007,44,1,분식,충청남도,7396
202007,44,1,카페/패스트푸드,충청남도,7475
202007,44,1,일식,충청남도,8000
202007,44,1,양식,충청남도,8076
202007,44,1,중식,충청남도,8414
202007,47,1,중식,경상북도,7000
202007,48,1,한식,경상남도,7578
202007,48,1,분식,경상남도,7787
202007,48,1,카페/패스트푸드,경상남도,7797
202007,48,1,일식,경상남도,7997
202007,48,1,중식,경상남도,8000
202007,50,1,편의점,제주특별자치도,5393
202007,50,1,카페/패스트푸드,제주특별자치도,6109
202007,50,1,한식,제주특별자치도,7302
202007,50,1,일식,제주특별자치도,8828
202008,11,1,편의점,서울특별시,4829
202008,11,1,카페/패스트푸드,서울특별시,6250
202008,11,1,분식,서울특별시,7213
202008,11,1,한식,서울특별시,7669
202008,11,1,중식,서울특별시,8028
202008,11,1,양식,서울특별시,8655
202008,11,1,동남아,서울특별시,8861
202008,11,1,일식,서울특별시,8908
202008,26,1,카페/패스트푸드,부산광역시,5940
202008,26,1,분식,부산광역시,6197
202008,26,1,편의점,부산광역시,6330
202008,26,1,한식,부산광역시,6779
202008,26,1,양식,부산광역시,6889
202008,26,1,일식,부산광역시,7753
202008,26,1,동남아,부산광역시,7847
202008,26,1,중식,부산광역시,9014
202008,27,1,카페/패스트푸드,대구광역시,5347
202008,27,1,편의점,대구광역시,5624
202008,27,1,한식,대구광역시,6866
202008,27,1,일식,대구광역시,7150
202008,27,1,중식,대구광역시,7820
202008,27,1,양식,대구광역시,8300
202008,28,1,분식,인천광역시,5438
202008,28,1,한식,인천광역시,5446
202008,28,1,편의점,인천광역시,5882
202008,28,1,양식,인천광역시,6133
202008,28,1,일식,인천광역시,7000
202008,28,1,동남아,인천광역시,7452
202008,28,1,카페/패스트푸드,인천광역시,7677
202008,28,1,중식,인천광역시,8192
202008,29,1,일식,광주광역시,10328
202008,29,1,편의점,광주광역시,5465
202008,29,1,한식,광주광역시,6173
202008,29,1,카페/패스트푸드,광주광역시,6258
202008,30,1,편의점,대전광역시,4431
202008,30,1,카페/패스트푸드,대전광역시,5762
202008,30,1,한식,대전광역시,7145
202008,30,1,분식,대전광역시,7487
202008,30,1,중식,대전광역시,7531
202008,30,1,일식,대전광역시,7962
202008,30,1,양식,대전광역시,8143
202008,41,1,동남아,경기도,10505
202008,41,1,편의점,경기도,5995
202008,41,1,카페/패스트푸드,경기도,6753
202008,41,1,한식,경기도,7078
202008,41,1,분식,경기도,7084
202008,41,1,중식,경기도,7619
202008,41,1,양식,경기도,7931
202008,41,1,일식,경기도,8069
202008,42,1,양식,강원도,10283
202008,42,1,중식,강원도,11138
202008,42,1,일식,강원도,11250
202008,42,1,한식,강원도,7801
202008,42,1,카페/패스트푸드,강원도,9157
202008,43,1,카페/패스트푸드,충청북도,7197
202008,43,1,편의점,충청북도,7500
202008,43,1,한식,충청북도,7556
202008,43,1,중식,충청북도,7926
202008,43,1,일식,충청북도,8800
202008,44,1,편의점,충청남도,5248
202008,44,1,한식,충청남도,6580
202008,44,1,카페/패스트푸드,충청남도,7328
202008,44,1,일식,충청남도,7450
202008,44,1,분식,충청남도,7693
202008,44,1,동남아,충청남도,8000
202008,44,1,양식,충청남도,8631
202008,44,1,중식,충청남도,8677
202008,47,1,중식,경상북도,7353
202008,48,1,분식,경상남도,7568
202008,48,1,중식,경상남도,7667
202008,48,1,일식,경상남도,7667
202008,48,1,한식,경상남도,7781
202008,48,1,카페/패스트푸드,경상남도,7829
202008,50,1,편의점,제주특별자치도,5483
202008,50,1,카페/패스트푸드,제주특별자치도,5984
202008,50,1,한식,제주특별자치도,7845
202008,50,1,일식,제주특별자치도,9106
202009,11,1,편의점,서울특별시,4846
202009,11,1,카페/패스트푸드,서울특별시,6361
202009,11,1,분식,서울특별시,7237
202009,11,1,한식,서울특별시,7832
202009,11,1,중식,서울특별시,8199
202009,11,1,동남아,서울특별시,8239
202009,11,1,일식,서울특별시,8639
202009,11,1,양식,서울특별시,8887
202009,26,1,편의점,부산광역시,5192
202009,26,1,카페/패스트푸드,부산광역시,5943
202009,26,1,분식,부산광역시,6257
202009,26,1,한식,부산광역시,6866
202009,26,1,양식,부산광역시,7044
202009,26,1,중식,부산광역시,7129
202009,26,1,동남아,부산광역시,7904
202009,26,1,일식,부산광역시,8183
202009,27,1,카페/패스트푸드,대구광역시,5316
202009,27,1,일식,대구광역시,6083
202009,27,1,편의점,대구광역시,6243
202009,27,1,한식,대구광역시,6849
202009,27,1,중식,대구광역시,8393
202009,28,1,한식,인천광역시,5485
202009,28,1,편의점,인천광역시,6145
202009,28,1,분식,인천광역시,6644
202009,28,1,양식,인천광역시,6932
202009,28,1,카페/패스트푸드,인천광역시,7005
202009,28,1,일식,인천광역시,7179
202009,28,1,동남아,인천광역시,8026
202009,28,1,중식,인천광역시,8628
202009,29,1,일식,광주광역시,10120
202009,29,1,편의점,광주광역시,5213
202009,29,1,한식,광주광역시,6340
202009,29,1,카페/패스트푸드,광주광역시,6775
202009,30,1,편의점,대전광역시,4540
202009,30,1,카페/패스트푸드,대전광역시,5754
202009,30,1,한식,대전광역시,7428
202009,30,1,중식,대전광역시,7668
202009,30,1,일식,대전광역시,8088
202009,30,1,양식,대전광역시,8571
202009,30,1,분식,대전광역시,8694
202009,41,1,편의점,경기도,5661
202009,41,1,카페/패스트푸드,경기도,6262
202009,41,1,한식,경기도,6880
202009,41,1,일식,경기도,7537
202009,41,1,분식,경기도,7718
202009,41,1,중식,경기도,7731
202009,41,1,양식,경기도,8652
202009,41,1,동남아,경기도,9914
202009,42,1,중식,강원도,10119
202009,42,1,양식,강원도,10238
202009,42,1,일식,강원도,11114
202009,42,1,한식,강원도,7247
202009,42,1,카페/패스트푸드,강원도,9025
202009,43,1,편의점,충청북도,4950
202009,43,1,카페/패스트푸드,충청북도,7142
202009,43,1,중식,충청북도,7974
202009,43,1,한식,충청북도,8746
202009,44,1,편의점,충청남도,5985
202009,44,1,한식,충청남도,6244
202009,44,1,카페/패스트푸드,충청남도,7328
202009,44,1,분식,충청남도,7533
202009,44,1,양식,충청남도,7771
202009,44,1,동남아,충청남도,8000
202009,44,1,중식,충청남도,8609
202009,44,1,일식,충청남도,8731
202009,46,1,양식,전라남도,8840
202009,46,1,중식,전라남도,8888
202009,46,1,한식,전라남도,8977
202009,46,1,카페/패스트푸드,전라남도,8995
202009,47,1,중식,경상북도,8000
202009,48,1,카페/패스트푸드,경상남도,7775
202009,48,1,분식,경상남도,7800
202009,48,1,중식,경상남도,7806
202009,48,1,한식,경상남도,8295
202009,50,1,편의점,제주특별자치도,5524
202009,50,1,카페/패스트푸드,제주특별자치도,6056
202009,50,1,한식,제주특별자치도,7620
202010,11,1,편의점,서울특별시,4901
202010,11,1,카페/패스트푸드,서울특별시,6239
202010,11,1,분식,서울특별시,6914
202010,11,1,한식,서울특별시,7720
202010,11,1,중식,서울특별시,8068
202010,11,1,양식,서울특별시,8691
202010,11,1,일식,서울특별시,8791
202010,11,1,동남아,서울특별시,9142
202010,26,1,카페/패스트푸드,부산광역시,5258
202010,26,1,분식,부산광역시,6738
202010,26,1,양식,부산광역시,6940
202010,26,1,한식,부산광역시,7018
202010,26,1,중식,부산광역시,7221
202010,26,1,편의점,부산광역시,7680
202010,26,1,동남아,부산광역시,7807
202010,26,1,일식,부산광역시,7947
202010,27,1,카페/패스트푸드,대구광역시,4983
202010,27,1,편의점,대구광역시,5472
202010,27,1,일식,대구광역시,5690
202010,27,1,양식,대구광역시,6500
202010,27,1,한식,대구광역시,6784
202010,27,1,중식,대구광역시,7993
202010,28,1,한식,인천광역시,5492
202010,28,1,분식,인천광역시,5548
202010,28,1,편의점,인천광역시,6170
202010,28,1,카페/패스트푸드,인천광역시,6684
202010,28,1,양식,인천광역시,6747
202010,28,1,일식,인천광역시,7000
202010,28,1,동남아,인천광역시,8067
202010,28,1,중식,인천광역시,8212
202010,29,1,일식,광주광역시,10631
202010,29,1,편의점,광주광역시,4439
202010,29,1,한식,광주광역시,6408
202010,29,1,카페/패스트푸드,광주광역시,6450
202010,30,1,편의점,대전광역시,4501
202010,30,1,카페/패스트푸드,대전광역시,5946
202010,30,1,한식,대전광역시,7708
202010,30,1,분식,대전광역시,7875
202010,30,1,중식,대전광역시,8029
202010,30,1,양식,대전광역시,8493
202010,30,1,일식,대전광역시,8697
202010,41,1,편의점,경기도,5182
202010,41,1,카페/패스트푸드,경기도,6075
202010,41,1,한식,경기도,6720
202010,41,1,분식,경기도,7070
202010,41,1,중식,경기도,7661
202010,41,1,양식,경기도,8450
202010,41,1,일식,경기도,8679
202010,41,1,동남아,경기도,9679
202010,42,1,중식,강원도,10346
202010,42,1,양식,강원도,10652
202010,42,1,한식,강원도,11000
202010,42,1,일식,강원도,11934
202010,42,1,분식,강원도,13017
202010,42,1,카페/패스트푸드,강원도,7271
202010,43,1,편의점,충청북도,6231
202010,43,1,카페/패스트푸드,충청북도,7297
202010,43,1,중식,충청북도,8000
202010,43,1,한식,충청북도,9096
202010,44,1,편의점,충청남도,5670
202010,44,1,한식,충청남도,6482
202010,44,1,카페/패스트푸드,충청남도,7160
202010,44,1,분식,충청남도,7625
202010,44,1,양식,충청남도,7896
202010,44,1,동남아,충청남도,8000
202010,44,1,중식,충청남도,8357
202010,44,1,일식,충청남도,8450
202010,46,1,중식,전라남도,9135
202010,46,1,한식,전라남도,9205
202010,46,1,카페/패스트푸드,전라남도,9250
202010,46,1,양식,전라남도,9781
202010,47,1,카페/패스트푸드,경상북도,6000
202010,47,1,중식,경상북도,6000
202010,48,1,일식,경상남도,6967
202010,48,1,중식,경상남도,7393
202010,48,1,분식,경상남도,7813
202010,48,1,한식,경상남도,7868
202010,48,1,카페/패스트푸드,경상남도,7957
202010,50,1,편의점,제주특별자치도,5537
202010,50,1,카페/패스트푸드,제주특별자치도,6350
202010,50,1,한식,제주특별자치도,7646
202011,11,1,편의점,서울특별시,5004
202011,11,1,카페/패스트푸드,서울특별시,6429
202011,11,1,분식,서울특별시,7002
202011,11,1,한식,서울특별시,7694
202011,11,1,중식,서울특별시,8097
202011,11,1,일식,서울특별시,8529
202011,11,1,양식,서울특별시,8551
202011,11,1,동남아,서울특별시,8602
202011,26,1,카페/패스트푸드,부산광역시,5815
202011,26,1,분식,부산광역시,6698
202011,26,1,한식,부산광역시,6930
202011,26,1,중식,부산광역시,6983
202011,26,1,양식,부산광역시,6995
202011,26,1,동남아,부산광역시,7971
202011,26,1,편의점,부산광역시,8060
202011,26,1,일식,부산광역시,8367
202011,27,1,카페/패스트푸드,대구광역시,5280
202011,27,1,편의점,대구광역시,5787
202011,27,1,일식,대구광역시,6622
202011,27,1,한식,대구광역시,6741
202011,27,1,중식,대구광역시,7693
202011,28,1,한식,인천광역시,5343
202011,28,1,편의점,인천광역시,5449
202011,28,1,일식,인천광역시,6654
202011,28,1,동남아,인천광역시,6783
202011,28,1,카페/패스트푸드,인천광역시,6942
202011,28,1,분식,인천광역시,7000
202011,28,1,중식,인천광역시,7537
202011,28,1,양식,인천광역시,7572
202011,29,1,일식,광주광역시,11049
202011,29,1,편의점,광주광역시,6041
202011,29,1,카페/패스트푸드,광주광역시,6326
202011,29,1,한식,광주광역시,7226
202011,30,1,편의점,대전광역시,4647
202011,30,1,카페/패스트푸드,대전광역시,5887
202011,30,1,한식,대전광역시,7134
202011,30,1,중식,대전광역시,7865
202011,30,1,분식,대전광역시,7986
202011,30,1,일식,대전광역시,8130
202011,30,1,양식,대전광역시,8838
202011,41,1,동남아,경기도,10304
202011,41,1,편의점,경기도,5503
202011,41,1,카페/패스트푸드,경기도,6116
202011,41,1,한식,경기도,6639
202011,41,1,분식,경기도,7287
202011,41,1,중식,경기도,7743
202011,41,1,일식,경기도,7930
202011,41,1,양식,경기도,8631
202011,42,1,양식,강원도,10207
202011,42,1,중식,강원도,10613
202011,42,1,일식,강원도,11909
202011,42,1,카페/패스트푸드,강원도,7745
202011,42,1,분식,강원도,7900
202011,42,1,한식,강원도,8003
202011,43,1,카페/패스트푸드,충청북도,7018
202011,43,1,편의점,충청북도,7500
202011,43,1,중식,충청북도,8000
202011,43,1,한식,충청북도,9222
202011,44,1,편의점,충청남도,4993
202011,44,1,한식,충청남도,6544
202011,44,1,카페/패스트푸드,충청남도,7054
202011,44,1,양식,충청남도,7333
202011,44,1,분식,충청남도,7717
202011,44,1,일식,충청남도,7750
202011,44,1,중식,충청남도,8446
202011,45,1,한식,전라북도,7500
202011,46,1,중식,전라남도,8933
202011,46,1,한식,전라남도,9141
202011,46,1,카페/패스트푸드,전라남도,9288
202011,46,1,양식,전라남도,9758
202011,47,1,한식,경상북도,8000
202011,48,1,한식,경상남도,7666
202011,48,1,분식,경상남도,7760
202011,48,1,카페/패스트푸드,경상남도,7867
202011,48,1,중식,경상남도,7895
202011,48,1,일식,경상남도,7908
202011,50,1,편의점,제주특별자치도,5631
202011,50,1,카페/패스트푸드,제주특별자치도,6167
202011,50,1,한식,제주특별자치도,7661
202012,11,1,편의점,서울특별시,5169
202012,11,1,카페/패스트푸드,서울특별시,6468
202012,11,1,분식,서울특별시,6991
202012,11,1,한식,서울특별시,7600
202012,11,1,중식,서울특별시,8213
202012,11,1,양식,서울특별시,8613
202012,11,1,일식,서울특별시,8765
202012,11,1,동남아,서울특별시,8977
202012,26,1,분식,부산광역시,6500
202012,26,1,카페/패스트푸드,부산광역시,6563
202012,26,1,한식,부산광역시,6812
202012,26,1,중식,부산광역시,7246
202012,26,1,양식,부산광역시,7529
202012,26,1,동남아,부산광역시,7792
202012,26,1,일식,부산광역시,8426
202012,26,1,편의점,부산광역시,8733
202012,27,1,양식,대구광역시,11000
202012,27,1,카페/패스트푸드,대구광역시,5003
202012,27,1,일식,대구광역시,5900
202012,27,1,편의점,대구광역시,6476
202012,27,1,한식,대구광역시,6791
202012,27,1,중식,대구광역시,7749
202012,28,1,한식,인천광역시,5825
202012,28,1,카페/패스트푸드,인천광역시,6232
202012,28,1,양식,인천광역시,6597
202012,28,1,편의점,인천광역시,6611
202012,28,1,분식,인천광역시,6875
202012,28,1,동남아,인천광역시,7667
202012,28,1,중식,인천광역시,8415
202012,29,1,일식,광주광역시,10989
202012,29,1,카페/패스트푸드,광주광역시,5593
202012,29,1,편의점,광주광역시,5834
202012,29,1,한식,광주광역시,7059
202012,29,1,중식,광주광역시,9467
202012,30,1,편의점,대전광역시,5115
202012,30,1,카페/패스트푸드,대전광역시,5690
202012,30,1,분식,대전광역시,7115
202012,30,1,한식,대전광역시,7347
202012,30,1,일식,대전광역시,8000
202012,30,1,중식,대전광역시,8086
202012,30,1,양식,대전광역시,8514
202012,41,1,동남아,경기도,11020
202012,41,1,편의점,경기도,5088
202012,41,1,카페/패스트푸드,경기도,6299
202012,41,1,한식,경기도,7032
202012,41,1,중식,경기도,7626
202012,41,1,일식,경기도,7930
202012,41,1,분식,경기도,8557
202012,41,1,양식,경기도,8752
202012,42,1,한식,강원도,11037
202012,42,1,일식,강원도,12804
202012,42,1,분식,강원도,1900
202012,42,1,카페/패스트푸드,강원도,6875
202012,42,1,양식,강원도,8614
202012,42,1,중식,강원도,9971
202012,43,1,편의점,충청북도,10800
202012,43,1,카페/패스트푸드,충청북도,6639
202012,43,1,중식,충청북도,7989
202012,43,1,한식,충청북도,9278
202012,44,1,편의점,충청남도,5815
202012,44,1,한식,충청남도,6104
202012,44,1,카페/패스트푸드,충청남도,7271
202012,44,1,분식,충청남도,7727
202012,44,1,양식,충청남도,8634
202012,44,1,중식,충청남도,8871
202012,46,1,한식,전라남도,8781
202012,46,1,카페/패스트푸드,전라남도,9000
202012,46,1,중식,전라남도,9000
202012,46,1,양식,전라남도,9353
202012,48,1,한식,경상남도,7489
202012,48,1,분식,경상남도,7689
202012,48,1,중식,경상남도,7750
202012,48,1,카페/패스트푸드,경상남도,7963
202012,48,1,일식,경상남도,8000
202012,50,1,편의점,제주특별자치도,5738
202012,50,1,카페/패스트푸드,제주특별자치도,5992
202012,50,1,한식,제주특별자치도,7638
202101,11,1,편의점,서울특별시,5164
202101,11,1,카페/패스트푸드,서울특별시,6314
202101,11,1,분식,서울특별시,6538
202101,11,1,한식,서울특별시,7321
202101,11,1,중식,서울특별시,8005
202101,11,1,일식,서울특별시,8695
202101,11,1,양식,서울특별시,8717
202101,11,1,동남아,서울특별시,8734
202101,26,1,카페/패스트푸드,부산광역시,5786
202101,26,1,편의점,부산광역시,6360
202101,26,1,분식,부산광역시,6386
202101,26,1,양식,부산광역시,6929
202101,26,1,중식,부산광역시,7513
202101,26,1,동남아,부산광역시,8100
202101,26,1,일식,부산광역시,8343
202101,26,1,한식,부산광역시,8522
202101,27,1,양식,대구광역시,10621
202101,27,1,편의점,대구광역시,5838
202101,27,1,분식,대구광역시,6221
202101,27,1,일식,대구광역시,6368
202101,27,1,한식,대구광역시,6541
202101,27,1,카페/패스트푸드,대구광역시,7023
202101,27,1,중식,대구광역시,7440
202101,28,1,양식,인천광역시,6173
202101,28,1,분식,인천광역시,6250
202101,28,1,한식,인천광역시,6579
202101,28,1,카페/패스트푸드,인천광역시,6832
202101,28,1,편의점,인천광역시,7198
202101,28,1,중식,인천광역시,8046
202101,28,1,동남아,인천광역시,8909
202101,29,1,일식,광주광역시,10329
202101,29,1,편의점,광주광역시,5775
202101,29,1,카페/패스트푸드,광주광역시,6351
202101,29,1,한식,광주광역시,6645
202101,29,1,중식,광주광역시,8400
202101,30,1,편의점,대전광역시,4664
202101,30,1,카페/패스트푸드,대전광역시,5765
202101,30,1,한식,대전광역시,7381
202101,30,1,중식,대전광역시,7644
202101,30,1,분식,대전광역시,7746
202101,30,1,양식,대전광역시,8304
202101,30,1,일식,대전광역시,8323
202101,41,1,동남아,경기도,11057
202101,41,1,편의점,경기도,5104
202101,41,1,카페/패스트푸드,경기도,6141
202101,41,1,한식,경기도,7078
202101,41,1,중식,경기도,7445
202101,41,1,분식,경기도,8152
202101,41,1,양식,경기도,8464
202101,41,1,일식,경기도,8967
202101,42,1,중식,강원도,10181
202101,42,1,양식,강원도,11233
202101,42,1,일식,강원도,12415
202101,42,1,분식,강원도,6950
202101,42,1,카페/패스트푸드,강원도,7968
202101,42,1,한식,강원도,8095
202101,43,1,편의점,충청북도,5400
202101,43,1,카페/패스트푸드,충청북도,6635
202101,43,1,한식,충청북도,8909
202101,43,1,중식,충청북도,9834
202101,44,1,편의점,충청남도,6084
202101,44,1,한식,충청남도,6145
202101,44,1,분식,충청남도,7565
202101,44,1,양식,충청남도,8000
202101,44,1,카페/패스트푸드,충청남도,8345
202101,44,1,중식,충청남도,8440
202101,44,1,일식,충청남도,9500
202101,46,1,양식,전라남도,8167
202101,46,1,한식,전라남도,8994
202101,46,1,카페/패스트푸드,전라남도,9040
202101,46,1,중식,전라남도,9130
202101,47,1,중식,경상북도,7545
202101,48,1,한식,경상남도,7445
202101,48,1,카페/패스트푸드,경상남도,7829
202101,48,1,중식,경상남도,7849
202101,48,1,분식,경상남도,7909
202101,48,1,일식,경상남도,7933
202101,50,1,편의점,제주특별자치도,5311
202101,50,1,카페/패스트푸드,제주특별자치도,6513
202101,50,1,한식,제주특별자치도,7037
202102,11,1,편의점,서울특별시,5077
202102,11,1,카페/패스트푸드,서울특별시,6326
202102,11,1,분식,서울특별시,6721
202102,11,1,한식,서울특별시,7625
202102,11,1,중식,서울특별시,7980
202102,11,1,양식,서울특별시,8741
202102,11,1,일식,서울특별시,9335
202102,11,1,동남아,서울특별시,9967
202102,26,1,편의점,부산광역시,5275
202102,26,1,카페/패스트푸드,부산광역시,6092
202102,26,1,양식,부산광역시,6803
202102,26,1,분식,부산광역시,6844
202102,26,1,한식,부산광역시,7098
202102,26,1,중식,부산광역시,7550
202102,26,1,일식,부산광역시,8035
202102,26,1,동남아,부산광역시,8083
202102,27,1,편의점,대구광역시,5546
202102,27,1,일식,대구광역시,6463
202102,27,1,한식,대구광역시,6783
202102,27,1,카페/패스트푸드,대구광역시,7599
202102,27,1,분식,대구광역시,7600
202102,27,1,중식,대구광역시,8114
202102,27,1,양식,대구광역시,8871
202102,28,1,한식,인천광역시,6598
202102,28,1,카페/패스트푸드,인천광역시,6622
202102,28,1,양식,인천광역시,7003
202102,28,1,중식,인천광역시,7317
202102,28,1,분식,인천광역시,7400
202102,28,1,편의점,인천광역시,7406
202102,28,1,동남아,인천광역시,8875
202102,29,1,일식,광주광역시,10187
202102,29,1,편의점,광주광역시,5272
202102,29,1,카페/패스트푸드,광주광역시,5772
202102,29,1,한식,광주광역시,6555
202102,29,1,중식,광주광역시,8762
202102,30,1,편의점,대전광역시,4782
202102,30,1,카페/패스트푸드,대전광역시,5874
202102,30,1,한식,대전광역시,6946
202102,30,1,분식,대전광역시,7601
202102,30,1,양식,대전광역시,8421
202102,30,1,중식,대전광역시,8459
202102,30,1,일식,대전광역시,8521
202102,41,1,동남아,경기도,10420
202102,41,1,편의점,경기도,5141
202102,41,1,카페/패스트푸드,경기도,6353
202102,41,1,한식,경기도,6990
202102,41,1,분식,경기도,7588
202102,41,1,중식,경기도,7786
202102,41,1,일식,경기도,8435
202102,41,1,양식,경기도,8733
202102,42,1,일식,강원도,11159
202102,42,1,한식,강원도,8066
202102,42,1,양식,강원도,8927
202102,42,1,카페/패스트푸드,강원도,9413
202102,42,1,중식,강원도,9509
202102,43,1,편의점,충청북도,4500
202102,43,1,카페/패스트푸드,충청북도,7245
202102,43,1,중식,충청북도,7831
202102,43,1,한식,충청북도,8690
202102,44,1,편의점,충청남도,5439
202102,44,1,한식,충청남도,6227
202102,44,1,분식,충청남도,7771
202102,44,1,양식,충청남도,8000
202102,44,1,일식,충청남도,8000
202102,44,1,카페/패스트푸드,충청남도,8189
202102,44,1,중식,충청남도,8355
202102,46,1,분식,전라남도,6000
202102,46,1,한식,전라남도,7583
202102,46,1,중식,전라남도,7603
202102,46,1,카페/패스트푸드,전라남도,7875
202102,46,1,양식,전라남도,9333
202102,47,1,중식,경상북도,7000
202102,48,1,일식,경상남도,7400
202102,48,1,한식,경상남도,7410
202102,48,1,중식,경상남도,7744
202102,48,1,카페/패스트푸드,경상남도,7863
202102,48,1,분식,경상남도,7922
202102,50,1,카페/패스트푸드,제주특별자치도,6704
202102,50,1,한식,제주특별자치도,6904
202103,11,1,편의점,서울특별시,4981
202103,11,1,카페/패스트푸드,서울특별시,6255
202103,11,1,분식,서울특별시,6854
202103,11,1,한식,서울특별시,7704
202103,11,1,중식,서울특별시,8060
202103,11,1,양식,서울특별시,8541
202103,11,1,일식,서울특별시,8733
202103,11,1,동남아,서울특별시,9203
202103,26,1,편의점,부산광역시,5805
202103,26,1,카페/패스트푸드,부산광역시,6825
202103,26,1,한식,부산광역시,7192
202103,26,1,중식,부산광역시,7268
202103,26,1,분식,부산광역시,7317
202103,26,1,동남아,부산광역시,7674
202103,26,1,양식,부산광역시,7712
202103,26,1,일식,부산광역시,8195
202103,27,1,편의점,대구광역시,5125
202103,27,1,한식,대구광역시,6661
202103,27,1,카페/패스트푸드,대구광역시,7502
202103,27,1,중식,대구광역시,7789
202103,27,1,분식,대구광역시,8295
202103,27,1,일식,대구광역시,8464
202103,27,1,양식,대구광역시,9700
202103,28,1,분식,인천광역시,5718
202103,28,1,한식,인천광역시,6461
202103,28,1,편의점,인천광역시,6667
202103,28,1,카페/패스트푸드,인천광역시,7096
202103,28,1,동남아,인천광역시,7163
202103,28,1,양식,인천광역시,7719
202103,28,1,중식,인천광역시,8366
202103,28,1,일식,인천광역시,8500
202103,29,1,일식,광주광역시,10131
202103,29,1,편의점,광주광역시,5158
202103,29,1,카페/패스트푸드,광주광역시,5428
202103,29,1,한식,광주광역시,7079
202103,29,1,중식,광주광역시,8656
202103,30,1,편의점,대전광역시,4682
202103,30,1,카페/패스트푸드,대전광역시,5699
202103,30,1,분식,대전광역시,7549
202103,30,1,한식,대전광역시,7555
202103,30,1,중식,대전광역시,8276
202103,30,1,양식,대전광역시,8470
202103,30,1,일식,대전광역시,8942
202103,31,1,카페/패스트푸드,울산광역시,7700
202103,31,1,한식,울산광역시,8000
202103,31,1,중식,울산광역시,8000
202103,36,1,한식,세종특별자치시,8136
202103,36,1,중식,세종특별자치시,8531
202103,41,1,동남아,경기도,10110
202103,41,1,편의점,경기도,5345
202103,41,1,카페/패스트푸드,경기도,6774
202103,41,1,한식,경기도,7339
202103,41,1,일식,경기도,7438
202103,41,1,분식,경기도,7856
202103,41,1,중식,경기도,7987
202103,41,1,양식,경기도,8445
202103,42,1,일식,강원도,12582
202103,42,1,카페/패스트푸드,강원도,8128
202103,42,1,한식,강원도,8325
202103,42,1,중식,강원도,8805
202103,42,1,양식,강원도,9203
202103,43,1,편의점,충청북도,4500
202103,43,1,카페/패스트푸드,충청북도,7003
202103,43,1,중식,충청북도,7944
202103,43,1,한식,충청북도,8987
202103,44,1,편의점,충청남도,4744
202103,44,1,한식,충청남도,6256
202103,44,1,분식,충청남도,7582
202103,44,1,양식,충청남도,8000
202103,44,1,카페/패스트푸드,충청남도,8075
202103,44,1,중식,충청남도,8285
202103,46,1,양식,전라남도,10000
202103,46,1,분식,전라남도,6500
202103,46,1,한식,전라남도,7876
202103,46,1,중식,전라남도,7960
202103,46,1,카페/패스트푸드,전라남도,7994
202103,47,1,중식,경상북도,7111
202103,48,1,중식,경상남도,7127
202103,48,1,한식,경상남도,7340
202103,48,1,분식,경상남도,7500
202103,48,1,카페/패스트푸드,경상남도,7950
202103,48,1,일식,경상남도,8000
202103,50,1,카페/패스트푸드,제주특별자치도,7126
202103,50,1,한식,제주특별자치도,8048
202104,11,1,편의점,서울특별시,5110
202104,11,1,카페/패스트푸드,서울특별시,6019
202104,11,1,분식,서울특별시,7186
202104,11,1,한식,서울특별시,7776
202104,11,1,양식,서울특별시,7890
202104,11,1,중식,서울특별시,8238
202104,11,1,동남아,서울특별시,8823
202104,11,1,일식,서울특별시,8869
202104,26,1,편의점,부산광역시,4425
202104,26,1,동남아,부산광역시,6443
202104,26,1,분식,부산광역시,7202
202104,26,1,한식,부산광역시,7514
202104,26,1,중식,부산광역시,7650
202104,26,1,카페/패스트푸드,부산광역시,8143
202104,26,1,양식,부산광역시,8240
202104,26,1,일식,부산광역시,8299
202104,27,1,분식,대구광역시,6143
202104,27,1,편의점,대구광역시,6314
202104,27,1,양식,대구광역시,6347
202104,27,1,한식,대구광역시,6768
202104,27,1,카페/패스트푸드,대구광역시,7073
202104,27,1,중식,대구광역시,7894
202104,27,1,일식,대구광역시,8408
202104,28,1,분식,인천광역시,6217
202104,28,1,편의점,인천광역시,6833
202104,28,1,한식,인천광역시,6942
202104,28,1,카페/패스트푸드,인천광역시,7094
202104,28,1,양식,인천광역시,7623
202104,28,1,중식,인천광역시,7677
202104,28,1,동남아,인천광역시,7704
202104,28,1,일식,인천광역시,8469
202104,29,1,일식,광주광역시,10331
202104,29,1,편의점,광주광역시,5587
202104,29,1,카페/패스트푸드,광주광역시,5683
202104,29,1,한식,광주광역시,7376
202104,29,1,중식,광주광역시,8624
202104,30,1,편의점,대전광역시,4156
202104,30,1,카페/패스트푸드,대전광역시,5851
202104,30,1,분식,대전광역시,7334
202104,30,1,일식,대전광역시,8000
202104,30,1,한식,대전광역시,8228
202104,30,1,중식,대전광역시,8287
202104,30,1,양식,대전광역시,8304
202104,31,1,카페/패스트푸드,울산광역시,7944
202104,31,1,한식,울산광역시,8000
202104,31,1,중식,울산광역시,8000
202104,31,1,분식,울산광역시,8000
202104,36,1,한식,세종특별자치시,8275
202104,36,1,중식,세종특별자치시,8762
202104,41,1,편의점,경기도,5754
202104,41,1,카페/패스트푸드,경기도,6526
202104,41,1,한식,경기도,7382
202104,41,1,일식,경기도,8062
202104,41,1,분식,경기도,8162
202104,41,1,중식,경기도,8243
202104,41,1,양식,경기도,8514
202104,41,1,동남아,경기도,9534
202104,42,1,분식,강원도,12060
202104,42,1,일식,강원도,12947
202104,42,1,카페/패스트푸드,강원도,7544
202104,42,1,한식,강원도,8380
202104,42,1,중식,강원도,8998
202104,42,1,양식,강원도,9288
202104,43,1,한식,충청북도,7196
202104,43,1,카페/패스트푸드,충청북도,7416
202104,43,1,중식,충청북도,7988
202104,43,1,편의점,충청북도,8100
202104,44,1,편의점,충청남도,4736
202104,44,1,한식,충청남도,6300
202104,44,1,분식,충청남도,7242
202104,44,1,카페/패스트푸드,충청남도,7693
202104,44,1,양식,충청남도,7975
202104,44,1,일식,충청남도,8000
202104,44,1,중식,충청남도,8590
202104,46,1,분식,전라남도,6000
202104,46,1,중식,전라남도,7784
202104,46,1,카페/패스트푸드,전라남도,7987
202104,46,1,한식,전라남도,8288
202104,47,1,중식,경상북도,7000
202104,48,1,분식,경상남도,6900
202104,48,1,일식,경상남도,7100
202104,48,1,중식,경상남도,7556
202104,48,1,카페/패스트푸드,경상남도,7647
202104,48,1,한식,경상남도,7793
202104,50,1,카페/패스트푸드,제주특별자치도,6993
202104,50,1,한식,제주특별자치도,8018
202105,11,1,편의점,서울특별시,5029
202105,11,1,카페/패스트푸드,서울특별시,6479
202105,11,1,분식,서울특별시,7235
202105,11,1,한식,서울특별시,7887
202105,11,1,중식,서울특별시,8065
202105,11,1,양식,서울특별시,8342
202105,11,1,일식,서울특별시,8798
202105,11,1,동남아,서울특별시,8847
202105,26,1,편의점,부산광역시,6319
202105,26,1,한식,부산광역시,6555
202105,26,1,카페/패스트푸드,부산광역시,6738
202105,26,1,분식,부산광역시,7189
202105,26,1,중식,부산광역시,7579
202105,26,1,동남아,부산광역시,7738
202105,26,1,일식,부산광역시,8046
202105,26,1,양식,부산광역시,8239
202105,27,1,편의점,대구광역시,5463
202105,27,1,한식,대구광역시,6696
202105,27,1,카페/패스트푸드,대구광역시,6844
202105,27,1,일식,대구광역시,7716
202105,27,1,중식,대구광역시,7850
202105,27,1,분식,대구광역시,8714
202105,27,1,양식,대구광역시,9243
202105,28,1,카페/패스트푸드,인천광역시,6231
202105,28,1,한식,인천광역시,6507
202105,28,1,편의점,인천광역시,7063
202105,28,1,분식,인천광역시,7375
202105,28,1,양식,인천광역시,7579
202105,28,1,중식,인천광역시,8092
202105,28,1,일식,인천광역시,8478
202105,28,1,동남아,인천광역시,8556
202105,29,1,일식,광주광역시,10118
202105,29,1,편의점,광주광역시,4844
202105,29,1,카페/패스트푸드,광주광역시,6113
202105,29,1,한식,광주광역시,8296
202105,29,1,중식,광주광역시,8586
202105,30,1,편의점,대전광역시,4447
202105,30,1,카페/패스트푸드,대전광역시,5600
202105,30,1,한식,대전광역시,7869
202105,30,1,중식,대전광역시,7982
202105,30,1,일식,대전광역시,8350
202105,30,1,양식,대전광역시,8409
202105,30,1,분식,대전광역시,8726
202105,31,1,카페/패스트푸드,울산광역시,8000
202105,31,1,중식,울산광역시,8000
202105,31,1,분식,울산광역시,8000
202105,31,1,한식,울산광역시,8000
202105,36,1,한식,세종특별자치시,8314
202105,36,1,중식,세종특별자치시,8800
202105,41,1,편의점,경기도,5468
202105,41,1,카페/패스트푸드,경기도,6623
202105,41,1,한식,경기도,7282
202105,41,1,분식,경기도,8065
202105,41,1,중식,경기도,8328
202105,41,1,양식,경기도,8719
202105,41,1,일식,경기도,8928
202105,41,1,동남아,경기도,9700
202105,42,1,분식,강원도,11867
202105,42,1,일식,강원도,12703
202105,42,1,카페/패스트푸드,강원도,8133
202105,42,1,한식,강원도,8455
202105,42,1,중식,강원도,9322
202105,42,1,양식,강원도,9661
202105,43,1,한식,충청북도,6797
202105,43,1,카페/패스트푸드,충청북도,6913
202105,43,1,중식,충청북도,8000
202105,43,1,편의점,충청북도,8100
202105,44,1,편의점,충청남도,5561
202105,44,1,한식,충청남도,6495
202105,44,1,분식,충청남도,7405
202105,44,1,카페/패스트푸드,충청남도,7417
202105,44,1,양식,충청남도,7975
202105,44,1,일식,충청남도,8000
202105,44,1,중식,충청남도,8391
202105,46,1,분식,전라남도,6971
202105,46,1,중식,전라남도,7500
202105,46,1,한식,전라남도,7683
202105,46,1,카페/패스트푸드,전라남도,8396
202105,47,1,중식,경상북도,7571
202105,48,1,일식,경상남도,7800
202105,48,1,카페/패스트푸드,경상남도,7885
202105,48,1,한식,경상남도,7940
202105,48,1,분식,경상남도,7942
202105,48,1,중식,경상남도,8000
202105,50,1,카페/패스트푸드,제주특별자치도,6602
202105,50,1,한식,제주특별자치도,7546
202106,11,1,편의점,서울특별시,5134
202106,11,1,카페/패스트푸드,서울특별시,6551
202106,11,1,분식,서울특별시,7080
202106,11,1,한식,서울특별시,7815
202106,11,1,양식,서울특별시,8016
202106,11,1,동남아,서울특별시,8139
202106,11,1,중식,서울특별시,8180
202106,11,1,일식,서울특별시,8691
202106,26,1,카페/패스트푸드,부산광역시,6821
202106,26,1,편의점,부산광역시,7052
202106,26,1,한식,부산광역시,7067
202106,26,1,분식,부산광역시,7189
202106,26,1,중식,부산광역시,7502
202106,26,1,양식,부산광역시,8095
202106,26,1,일식,부산광역시,8331
202106,26,1,동남아,부산광역시,8481
202106,27,1,양식,대구광역시,5178
202106,27,1,카페/패스트푸드,대구광역시,5921
202106,27,1,분식,대구광역시,6038
202106,27,1,한식,대구광역시,6732
202106,27,1,편의점,대구광역시,6983
202106,27,1,일식,대구광역시,7407
202106,27,1,중식,대구광역시,7642
202106,28,1,한식,인천광역시,6509
202106,28,1,카페/패스트푸드,인천광역시,6868
202106,28,1,편의점,인천광역시,7359
202106,28,1,양식,인천광역시,7678
202106,28,1,일식,인천광역시,8059
202106,28,1,분식,인천광역시,8372
202106,28,1,중식,인천광역시,8377
202106,28,1,동남아,인천광역시,9206
202106,29,1,일식,광주광역시,10381
202106,29,1,편의점,광주광역시,5601
202106,29,1,카페/패스트푸드,광주광역시,6259
202106,29,1,한식,광주광역시,7775
202106,29,1,중식,광주광역시,8570
202106,30,1,편의점,대전광역시,4704
202106,30,1,카페/패스트푸드,대전광역시,6090
202106,30,1,분식,대전광역시,7164
202106,30,1,일식,대전광역시,7932
202106,30,1,한식,대전광역시,8038
202106,30,1,중식,대전광역시,8149
202106,30,1,양식,대전광역시,8333
202106,31,1,분식,울산광역시,7800
202106,31,1,한식,울산광역시,8000
202106,31,1,카페/패스트푸드,울산광역시,8000
202106,36,1,한식,세종특별자치시,8630
202106,36,1,중식,세종특별자치시,8946
202106,41,1,편의점,경기도,4841
202106,41,1,카페/패스트푸드,경기도,6974
202106,41,1,한식,경기도,7198
202106,41,1,분식,경기도,7970
202106,41,1,일식,경기도,8063
202106,41,1,중식,경기도,8191
202106,41,1,양식,경기도,8565
202106,41,1,동남아,경기도,9078
202106,42,1,일식,강원도,12244
202106,42,1,한식,강원도,8221
202106,42,1,카페/패스트푸드,강원도,9065
202106,42,1,양식,강원도,9600
202106,42,1,중식,강원도,9604
202106,43,1,편의점,충청북도,6188
202106,43,1,한식,충청북도,6796
202106,43,1,카페/패스트푸드,충청북도,7201
202106,43,1,중식,충청북도,8000
202106,44,1,편의점,충청남도,4756
202106,44,1,한식,충청남도,6694
202106,44,1,분식,충청남도,7290
202106,44,1,카페/패스트푸드,충청남도,7515
202106,44,1,양식,충청남도,8000
202106,44,1,중식,충청남도,8509
202106,46,1,카페/패스트푸드,전라남도,7000
202106,46,1,중식,전라남도,7000
202106,46,1,한식,전라남도,7175
202106,48,1,한식,경상남도,7516
202106,48,1,일식,경상남도,7540
202106,48,1,카페/패스트푸드,경상남도,7908
202106,48,1,분식,경상남도,7955
202106,48,1,중식,경상남도,8204
202106,50,1,카페/패스트푸드,제주특별자치도,5948
202106,50,1,한식,제주특별자치도,7279
202107,11,1,편의점,서울특별시,5236
202107,11,1,카페/패스트푸드,서울특별시,6546
202107,11,1,분식,서울특별시,7400
202107,11,1,한식,서울특별시,7851
202107,11,1,중식,서울특별시,7979
202107,11,1,양식,서울특별시,8155
202107,11,1,동남아,서울특별시,8459
202107,11,1,일식,서울특별시,8476
202107,26,1,편의점,부산광역시,5610
202107,26,1,카페/패스트푸드,부산광역시,6573
202107,26,1,한식,부산광역시,7594
202107,26,1,동남아,부산광역시,7723
202107,26,1,분식,부산광역시,7778
202107,26,1,중식,부산광역시,8159
202107,26,1,양식,부산광역시,8412
202107,26,1,일식,부산광역시,8715
202107,27,1,편의점,대구광역시,5501
202107,27,1,카페/패스트푸드,대구광역시,6781
202107,27,1,한식,대구광역시,7038
202107,27,1,분식,대구광역시,7215
202107,27,1,중식,대구광역시,7215
202107,27,1,일식,대구광역시,8121
202107,27,1,양식,대구광역시,8225
202107,28,1,편의점,인천광역시,6167
202107,28,1,한식,인천광역시,6533
202107,28,1,카페/패스트푸드,인천광역시,6653
202107,28,1,양식,인천광역시,7540
202107,28,1,분식,인천광역시,7939
202107,28,1,동남아,인천광역시,8121
202107,28,1,중식,인천광역시,8572
202107,28,1,일식,인천광역시,9106
202107,29,1,일식,광주광역시,10390
202107,29,1,카페/패스트푸드,광주광역시,6140
202107,29,1,편의점,광주광역시,6902
202107,29,1,한식,광주광역시,7463
202107,29,1,중식,광주광역시,8956
202107,30,1,편의점,대전광역시,4431
202107,30,1,카페/패스트푸드,대전광역시,5586
202107,30,1,분식,대전광역시,7434
202107,30,1,양식,대전광역시,7571
202107,30,1,한식,대전광역시,7668
202107,30,1,일식,대전광역시,8233
202107,30,1,중식,대전광역시,8402
202107,31,1,한식,울산광역시,7786
202107,31,1,카페/패스트푸드,울산광역시,8000
202107,31,1,분식,울산광역시,8000
202107,36,1,한식,세종특별자치시,8514
202107,36,1,중식,세종특별자치시,8676
202107,41,1,편의점,경기도,5012
202107,41,1,카페/패스트푸드,경기도,7143
202107,41,1,한식,경기도,7545
202107,41,1,일식,경기도,7943
202107,41,1,분식,경기도,8193
202107,41,1,중식,경기도,8780
202107,41,1,양식,경기도,8967
202107,41,1,동남아,경기도,9188
202107,42,1,일식,강원도,12735
202107,42,1,분식,강원도,5875
202107,42,1,카페/패스트푸드,강원도,7625
202107,42,1,한식,강원도,8122
202107,42,1,중식,강원도,9216
202107,42,1,양식,강원도,9350
202107,43,1,편의점,충청북도,4500
202107,43,1,한식,충청북도,6784
202107,43,1,카페/패스트푸드,충청북도,7388
202107,43,1,중식,충청북도,8000
202107,44,1,편의점,충청남도,5559
202107,44,1,한식,충청남도,6639
202107,44,1,카페/패스트푸드,충청남도,6955
202107,44,1,분식,충청남도,7392
202107,44,1,양식,충청남도,7972
202107,44,1,중식,충청남도,8692
202107,45,1,분식,전라북도,6000
202107,46,1,중식,전라남도,7000
202107,46,1,분식,전라남도,7000
202107,46,1,카페/패스트푸드,전라남도,7000
202107,46,1,한식,전라남도,8000
202107,47,1,분식,경상북도,10000
202107,47,1,중식,경상북도,13000
202107,47,1,카페/패스트푸드,경상북도,5756
202107,47,1,한식,경상북도,9327
202107,48,1,분식,경상남도,6900
202107,48,1,한식,경상남도,7768
202107,48,1,중식,경상남도,7808
202107,48,1,일식,경상남도,7850
202107,48,1,카페/패스트푸드,경상남도,7896
202107,50,1,카페/패스트푸드,제주특별자치도,5577
202107,50,1,한식,제주특별자치도,7926
202108,11,1,편의점,서울특별시,4951
202108,11,1,카페/패스트푸드,서울특별시,6459
202108,11,1,분식,서울특별시,7021
202108,11,1,한식,서울특별시,7740
202108,11,1,중식,서울특별시,8088
202108,11,1,양식,서울특별시,8183
202108,11,1,동남아,서울특별시,8470
202108,11,1,일식,서울특별시,8770
202108,26,1,편의점,부산광역시,6762
202108,26,1,카페/패스트푸드,부산광역시,7091
202108,26,1,분식,부산광역시,7379
202108,26,1,한식,부산광역시,7654
202108,26,1,동남아,부산광역시,7865
202108,26,1,양식,부산광역시,8218
202108,26,1,중식,부산광역시,8314
202108,26,1,일식,부산광역시,8467
202108,27,1,양식,대구광역시,10267
202108,27,1,편의점,대구광역시,5350
202108,27,1,한식,대구광역시,6735
202108,27,1,카페/패스트푸드,대구광역시,7483
202108,27,1,중식,대구광역시,7745
202108,27,1,분식,대구광역시,7857
202108,27,1,일식,대구광역시,8083
202108,28,1,편의점,인천광역시,6100
202108,28,1,분식,인천광역시,6311
202108,28,1,한식,인천광역시,6443
202108,28,1,카페/패스트푸드,인천광역시,7121
202108,28,1,동남아,인천광역시,7574
202108,28,1,양식,인천광역시,7740
202108,28,1,중식,인천광역시,8378
202108,28,1,일식,인천광역시,8695
202108,29,1,일식,광주광역시,10362
202108,29,1,편의점,광주광역시,4279
202108,29,1,카페/패스트푸드,광주광역시,5864
202108,29,1,한식,광주광역시,6892
202108,29,1,양식,광주광역시,7750
202108,29,1,중식,광주광역시,8327
202108,30,1,편의점,대전광역시,4367
202108,30,1,분식,대전광역시,7102
202108,30,1,양식,대전광역시,7525
202108,30,1,카페/패스트푸드,대전광역시,7569
202108,30,1,한식,대전광역시,7699
202108,30,1,중식,대전광역시,8077
202108,30,1,일식,대전광역시,8924
202108,31,1,카페/패스트푸드,울산광역시,7950
202108,31,1,한식,울산광역시,8000
202108,31,1,중식,울산광역시,8000
202108,31,1,분식,울산광역시,8000
202108,36,1,한식,세종특별자치시,8765
202108,36,1,중식,세종특별자치시,8897
202108,41,1,편의점,경기도,4442
202108,41,1,카페/패스트푸드,경기도,6813
202108,41,1,한식,경기도,7581
202108,41,1,분식,경기도,8167
202108,41,1,중식,경기도,8315
202108,41,1,양식,경기도,8859
202108,41,1,일식,경기도,8935
202108,41,1,동남아,경기도,9316
202108,42,1,중식,강원도,10093
202108,42,1,일식,강원도,12458
202108,42,1,분식,강원도,6507
202108,42,1,한식,강원도,8054
202108,42,1,카페/패스트푸드,강원도,9115
202108,42,1,양식,강원도,9264
202108,43,1,한식,충청북도,6755
202108,43,1,카페/패스트푸드,충청북도,6785
202108,43,1,편의점,충청북도,7200
202108,43,1,중식,충청북도,8000
202108,44,1,편의점,충청남도,5538
202108,44,1,카페/패스트푸드,충청남도,6506
202108,44,1,한식,충청남도,6663
202108,44,1,분식,충청남도,7672
202108,44,1,양식,충청남도,8000
202108,44,1,중식,충청남도,8009
202108,46,1,카페/패스트푸드,전라남도,6996
202108,46,1,중식,전라남도,7000
202108,46,1,한식,전라남도,8000
202108,47,1,분식,경상북도,10889
202108,47,1,중식,경상북도,8857
202108,47,1,카페/패스트푸드,경상북도,9050
202108,47,1,한식,경상북도,9081
202108,48,1,일식,경상남도,6450
202108,48,1,중식,경상남도,7776
202108,48,1,카페/패스트푸드,경상남도,7872
202108,48,1,분식,경상남도,7900
202108,48,1,한식,경상남도,7971
202108,50,1,카페/패스트푸드,제주특별자치도,6584
202108,50,1,한식,제주특별자치도,6964
202109,11,1,편의점,서울특별시,5203
202109,11,1,카페/패스트푸드,서울특별시,6397
202109,11,1,분식,서울특별시,7080
202109,11,1,한식,서울특별시,7812
202109,11,1,양식,서울특별시,7852
202109,11,1,중식,서울특별시,8017
202109,11,1,일식,서울특별시,8607
202109,11,1,동남아,서울특별시,9092
202109,26,1,편의점,부산광역시,4990
202109,26,1,카페/패스트푸드,부산광역시,7021
202109,26,1,분식,부산광역시,7747
202109,26,1,한식,부산광역시,7838
202109,26,1,동남아,부산광역시,7982
202109,26,1,중식,부산광역시,8165
202109,26,1,일식,부산광역시,8430
202109,26,1,양식,부산광역시,8556
202109,27,1,편의점,대구광역시,4933
202109,27,1,카페/패스트푸드,대구광역시,6473
202109,27,1,한식,대구광역시,6524
202109,27,1,분식,대구광역시,7035
202109,27,1,중식,대구광역시,7721
202109,27,1,양식,대구광역시,8100
202109,27,1,일식,대구광역시,8301
202109,28,1,편의점,인천광역시,6671
202109,28,1,양식,인천광역시,7053
202109,28,1,카페/패스트푸드,인천광역시,7423
202109,28,1,한식,인천광역시,7982
202109,28,1,동남아,인천광역시,8155
202109,28,1,분식,인천광역시,8306
202109,28,1,중식,인천광역시,8504
202109,28,1,일식,인천광역시,9088
202109,29,1,일식,광주광역시,10152
202109,29,1,양식,광주광역시,10400
202109,29,1,편의점,광주광역시,5308
202109,29,1,카페/패스트푸드,광주광역시,6221
202109,29,1,한식,광주광역시,7305
202109,29,1,중식,광주광역시,8728
202109,30,1,편의점,대전광역시,4515
202109,30,1,카페/패스트푸드,대전광역시,6709
202109,30,1,양식,대전광역시,6882
202109,30,1,분식,대전광역시,7140
202109,30,1,한식,대전광역시,7783
202109,30,1,중식,대전광역시,8685
202109,30,1,일식,대전광역시,9022
202109,31,1,분식,울산광역시,7600
202109,31,1,중식,울산광역시,7778
202109,31,1,한식,울산광역시,8000
202109,31,1,카페/패스트푸드,울산광역시,8000
202109,36,1,한식,세종특별자치시,8722
202109,36,1,중식,세종특별자치시,8923
202109,41,1,편의점,경기도,5039
202109,41,1,카페/패스트푸드,경기도,7100
202109,41,1,한식,경기도,7522
202109,41,1,분식,경기도,7942
202109,41,1,양식,경기도,8561
202109,41,1,중식,경기도,8629
202109,41,1,일식,경기도,8772
202109,41,1,동남아,경기도,9406
202109,42,1,일식,강원도,12764
202109,42,1,한식,강원도,8111
202109,42,1,카페/패스트푸드,강원도,8256
202109,42,1,분식,강원도,8479
202109,42,1,양식,강원도,9471
202109,42,1,중식,강원도,9570
202109,43,1,편의점,충청북도,6750
202109,43,1,카페/패스트푸드,충청북도,6894
202109,43,1,한식,충청북도,6940
202109,43,1,중식,충청북도,8000
202109,44,1,편의점,충청남도,5513
202109,44,1,한식,충청남도,6584
202109,44,1,카페/패스트푸드,충청남도,7102
202109,44,1,분식,충청남도,7577
202109,44,1,양식,충청남도,8000
202109,44,1,중식,충청남도,8556
202109,45,1,한식,전라북도,9000
202109,46,1,카페/패스트푸드,전라남도,6459
202109,46,1,분식,전라남도,7000
202109,46,1,중식,전라남도,8130
202109,46,1,한식,전라남도,8332
202109,47,1,중식,경상북도,10667
202109,47,1,카페/패스트푸드,경상북도,8913
202109,47,1,한식,경상북도,9038
202109,47,1,분식,경상북도,9333
202109,48,1,분식,경상남도,7870
202109,48,1,중식,경상남도,7929
202109,48,1,카페/패스트푸드,경상남도,7985
202109,48,1,한식,경상남도,8017
202109,50,1,한식,제주특별자치도,7857
202109,50,1,카페/패스트푸드,제주특별자치도,8186
202110,11,1,편의점,서울특별시,5182
202110,11,1,카페/패스트푸드,서울특별시,6408
202110,11,1,분식,서울특별시,7097
202110,11,1,한식,서울특별시,7710
202110,11,1,중식,서울특별시,7949
202110,11,1,양식,서울특별시,8335
202110,11,1,일식,서울특별시,8647
202110,11,1,동남아,서울특별시,8927
202110,26,1,편의점,부산광역시,5353
202110,26,1,카페/패스트푸드,부산광역시,7454
202110,26,1,분식,부산광역시,7475
202110,26,1,한식,부산광역시,7941
202110,26,1,양식,부산광역시,8107
202110,26,1,동남아,부산광역시,8241
202110,26,1,일식,부산광역시,8411
202110,26,1,중식,부산광역시,8421
202110,27,1,편의점,대구광역시,5138
202110,27,1,카페/패스트푸드,대구광역시,6692
202110,27,1,한식,대구광역시,7057
202110,27,1,분식,대구광역시,7318
202110,27,1,일식,대구광역시,8046
202110,27,1,중식,대구광역시,8860
202110,27,1,양식,대구광역시,8900
202110,28,1,편의점,인천광역시,6375
202110,28,1,카페/패스트푸드,인천광역시,6728
202110,28,1,한식,인천광역시,7858
202110,28,1,분식,인천광역시,7959
202110,28,1,동남아,인천광역시,7972
202110,28,1,양식,인천광역시,8307
202110,28,1,중식,인천광역시,8354
202110,28,1,일식,인천광역시,8668
202110,29,1,일식,광주광역시,10112
202110,29,1,양식,광주광역시,10336
202110,29,1,편의점,광주광역시,4924
202110,29,1,카페/패스트푸드,광주광역시,6169
202110,29,1,한식,광주광역시,6700
202110,29,1,중식,광주광역시,9084
202110,30,1,편의점,대전광역시,4547
202110,30,1,카페/패스트푸드,대전광역시,6147
202110,30,1,양식,대전광역시,7318
202110,30,1,분식,대전광역시,7435
202110,30,1,한식,대전광역시,7605
202110,30,1,중식,대전광역시,8289
202110,30,1,일식,대전광역시,9224
202110,31,1,중식,울산광역시,8000
202110,31,1,한식,울산광역시,8000
202110,31,1,카페/패스트푸드,울산광역시,8000
202110,36,1,한식,세종특별자치시,8153
202110,36,1,중식,세종특별자치시,8897
202110,41,1,편의점,경기도,5156
202110,41,1,카페/패스트푸드,경기도,7276
202110,41,1,한식,경기도,7530
202110,41,1,분식,경기도,8130
202110,41,1,중식,경기도,8527
202110,41,1,양식,경기도,8588
202110,41,1,일식,경기도,8867
202110,41,1,동남아,경기도,9461
202110,42,1,중식,강원도,10497
202110,42,1,일식,강원도,12375
202110,42,1,분식,강원도,6877
202110,42,1,한식,강원도,8203
202110,42,1,카페/패스트푸드,강원도,8209
202110,42,1,양식,강원도,9372
202110,43,1,한식,충청북도,6906
202110,43,1,카페/패스트푸드,충청북도,7117
202110,43,1,중식,충청북도,9000
202110,43,1,편의점,충청북도,9563
202110,44,1,편의점,충청남도,5267
202110,44,1,한식,충청남도,6655
202110,44,1,카페/패스트푸드,충청남도,7651
202110,44,1,분식,충청남도,7786
202110,44,1,양식,충청남도,8000
202110,44,1,중식,충청남도,8343
202110,45,1,분식,전라북도,10500
202110,46,1,편의점,전라남도,5290
202110,46,1,분식,전라남도,6980
202110,46,1,중식,전라남도,7584
202110,46,1,카페/패스트푸드,전라남도,7765
202110,46,1,한식,전라남도,8252
202110,47,1,분식,경상북도,8214
202110,47,1,카페/패스트푸드,경상북도,8562
202110,47,1,한식,경상북도,9300
202110,47,1,중식,경상북도,9421
202110,48,1,카페/패스트푸드,경상남도,7676
202110,48,1,일식,경상남도,7700
202110,48,1,분식,경상남도,8000
202110,48,1,한식,경상남도,8057
202110,48,1,중식,경상남도,8210
202110,50,1,카페/패스트푸드,제주특별자치도,7134
202110,50,1,한식,제주특별자치도,7775
202111,11,1,편의점,서울특별시,4927
202111,11,1,카페/패스트푸드,서울특별시,6562
202111,11,1,분식,서울특별시,6988
202111,11,1,한식,서울특별시,7794
202111,11,1,중식,서울특별시,8093
202111,11,1,일식,서울특별시,8621
202111,11,1,양식,서울특별시,8670
202111,11,1,동남아,서울특별시,8684
202111,26,1,일식,부산광역시,10573
202111,26,1,편의점,부산광역시,6746
202111,26,1,분식,부산광역시,7277
202111,26,1,카페/패스트푸드,부산광역시,7473
202111,26,1,한식,부산광역시,7490
202111,26,1,동남아,부산광역시,7995
202111,26,1,양식,부산광역시,8055
202111,26,1,중식,부산광역시,8165
202111,27,1,양식,대구광역시,10493
202111,27,1,편의점,대구광역시,5221
202111,27,1,카페/패스트푸드,대구광역시,6539
202111,27,1,한식,대구광역시,6670
202111,27,1,분식,대구광역시,6968
202111,27,1,중식,대구광역시,7757
202111,27,1,일식,대구광역시,7937
202111,28,1,분식,인천광역시,6911
202111,28,1,카페/패스트푸드,인천광역시,7352
202111,28,1,한식,인천광역시,7468
202111,28,1,양식,인천광역시,8125
202111,28,1,동남아,인천광역시,8234
202111,28,1,편의점,인천광역시,8311
202111,28,1,중식,인천광역시,8320
202111,28,1,일식,인천광역시,8823
202111,29,1,일식,광주광역시,10346
202111,29,1,편의점,광주광역시,5016
202111,29,1,한식,광주광역시,6618
202111,29,1,카페/패스트푸드,광주광역시,7798
202111,29,1,중식,광주광역시,9107
202111,29,1,양식,광주광역시,9617
202111,30,1,편의점,대전광역시,4701
202111,30,1,카페/패스트푸드,대전광역시,5731
202111,30,1,양식,대전광역시,7129
202111,30,1,분식,대전광역시,7270
202111,30,1,한식,대전광역시,7756
202111,30,1,중식,대전광역시,8245
202111,30,1,일식,대전광역시,8424
202111,31,1,카페/패스트푸드,울산광역시,7993
202111,31,1,한식,울산광역시,8000
202111,31,1,중식,울산광역시,8000
202111,31,1,분식,울산광역시,8000
202111,36,1,한식,세종특별자치시,8658
202111,36,1,중식,세종특별자치시,8909
202111,41,1,편의점,경기도,5206
202111,41,1,카페/패스트푸드,경기도,7146
202111,41,1,한식,경기도,7627
202111,41,1,양식,경기도,8154
202111,41,1,분식,경기도,8199
202111,41,1,중식,경기도,8514
202111,41,1,일식,경기도,8694
202111,41,1,동남아,경기도,9536
202111,42,1,양식,강원도,10111
202111,42,1,일식,강원도,12640
202111,42,1,한식,강원도,8291
202111,42,1,중식,강원도,8961
202111,42,1,분식,강원도,9255
202111,42,1,카페/패스트푸드,강원도,9353
202111,43,1,중식,충청북도,11463
202111,43,1,한식,충청북도,6875
202111,43,1,편의점,충청북도,7364
202111,43,1,카페/패스트푸드,충청북도,7582
202111,44,1,편의점,충청남도,5211
202111,44,1,한식,충청남도,6676
202111,44,1,카페/패스트푸드,충청남도,6934
202111,44,1,분식,충청남도,7228
202111,44,1,일식,충청남도,7867
202111,44,1,양식,충청남도,7989
202111,44,1,중식,충청남도,8603
202111,46,1,분식,전라남도,7000
202111,46,1,한식,전라남도,8226
202111,46,1,중식,전라남도,8288
202111,46,1,카페/패스트푸드,전라남도,8365
202111,46,1,편의점,전라남도,9000
202111,47,1,카페/패스트푸드,경상북도,8488
202111,47,1,분식,경상북도,8925
202111,47,1,중식,경상북도,9063
202111,47,1,한식,경상북도,9157
202111,48,1,카페/패스트푸드,경상남도,7095
202111,48,1,한식,경상남도,7455
202111,48,1,분식,경상남도,8000
202111,48,1,중식,경상남도,8440
202111,50,1,한식,제주특별자치도,7095
202111,50,1,카페/패스트푸드,제주특별자치도,7216
202112,11,1,편의점,서울특별시,5799
202112,11,1,카페/패스트푸드,서울특별시,6575
202112,11,1,분식,서울특별시,6960
202112,11,1,한식,서울특별시,7787
202112,11,1,중식,서울특별시,8104
202112,11,1,동남아,서울특별시,8512
202112,11,1,양식,서울특별시,8631
202112,11,1,일식,서울특별시,8672
202112,26,1,일식,부산광역시,10243
202112,26,1,분식,부산광역시,7219
202112,26,1,편의점,부산광역시,7231
202112,26,1,카페/패스트푸드,부산광역시,7275
202112,26,1,한식,부산광역시,7601
202112,26,1,양식,부산광역시,8023
202112,26,1,중식,부산광역시,8181
202112,26,1,동남아,부산광역시,8305
202112,27,1,편의점,대구광역시,4678
202112,27,1,카페/패스트푸드,대구광역시,6597
202112,27,1,한식,대구광역시,6754
202112,27,1,분식,대구광역시,6967
202112,27,1,중식,대구광역시,7649
202112,27,1,일식,대구광역시,8109
202112,28,1,카페/패스트푸드,인천광역시,6717
202112,28,1,분식,인천광역시,7359
202112,28,1,동남아,인천광역시,7966
202112,28,1,편의점,인천광역시,7994
202112,28,1,한식,인천광역시,8050
202112,28,1,중식,인천광역시,8166
202112,28,1,양식,인천광역시,8170
202112,28,1,일식,인천광역시,9168
202112,29,1,일식,광주광역시,10449
202112,29,1,편의점,광주광역시,5875
202112,29,1,한식,광주광역시,6731
202112,29,1,카페/패스트푸드,광주광역시,7327
202112,29,1,양식,광주광역시,8376
202112,29,1,중식,광주광역시,8795
202112,30,1,편의점,대전광역시,4823
202112,30,1,양식,대전광역시,6906
202112,30,1,분식,대전광역시,8112
202112,30,1,한식,대전광역시,8118
202112,30,1,카페/패스트푸드,대전광역시,8544
202112,30,1,중식,대전광역시,8550
202112,30,1,일식,대전광역시,8697
202112,31,1,카페/패스트푸드,울산광역시,8000
202112,31,1,한식,울산광역시,8000
202112,36,1,한식,세종특별자치시,8750
202112,36,1,중식,세종특별자치시,8946
202112,41,1,편의점,경기도,6479
202112,41,1,카페/패스트푸드,경기도,7361
202112,41,1,분식,경기도,7589
202112,41,1,한식,경기도,7613
202112,41,1,일식,경기도,8608
202112,41,1,중식,경기도,8643
202112,41,1,양식,경기도,8669
202112,41,1,동남아,경기도,9386
202112,42,1,양식,강원도,10821
202112,42,1,일식,강원도,12357
202112,42,1,분식,강원도,7042
202112,42,1,한식,강원도,7540
202112,42,1,중식,강원도,9861
202112,42,1,카페/패스트푸드,강원도,9920
202112,43,1,한식,충청북도,6788
202112,43,1,카페/패스트푸드,충청북도,6945
202112,43,1,편의점,충청북도,6955
202112,43,1,중식,충청북도,8000
202112,44,1,편의점,충청남도,5946
202112,44,1,한식,충청남도,6767
202112,44,1,분식,충청남도,7519
202112,44,1,일식,충청남도,7996
202112,44,1,양식,충청남도,8000
202112,44,1,중식,충청남도,8555
202112,44,1,카페/패스트푸드,충청남도,8899
202112,46,1,분식,전라남도,7000
202112,46,1,중식,전라남도,7632
202112,46,1,카페/패스트푸드,전라남도,8005
202112,46,1,한식,전라남도,8183
202112,46,1,편의점,전라남도,9868
202112,47,1,중식,경상북도,10357
202112,47,1,편의점,경상북도,5487
202112,47,1,카페/패스트푸드,경상북도,7975
202112,47,1,한식,경상북도,9018
202112,47,1,분식,경상북도,9342
202112,48,1,카페/패스트푸드,경상남도,7347
202112,48,1,한식,경상남도,7490
202112,48,1,분식,경상남도,8000
202112,48,1,중식,경상남도,8135
202112,50,1,한식,제주특별자치도,7184
202112,50,1,카페/패스트푸드,제주특별자치도,7246
202201,11,1,편의점,서울특별시,5060
202201,11,1,카페/패스트푸드,서울특별시,6790
202201,11,1,분식,서울특별시,7117
202201,11,1,한식,서울특별시,7889
202201,11,1,중식,서울특별시,8509
202201,11,1,양식,서울특별시,8517
202201,11,1,동남아,서울특별시,8551
202201,11,1,일식,서울특별시,8973
202201,26,1,편의점,부산광역시,7129
202201,26,1,분식,부산광역시,7594
202201,26,1,한식,부산광역시,7973
202201,26,1,양식,부산광역시,8364
202201,26,1,동남아,부산광역시,8375
202201,26,1,카페/패스트푸드,부산광역시,8440
202201,26,1,중식,부산광역시,8549
202201,26,1,일식,부산광역시,8705
202201,27,1,편의점,대구광역시,4619
202201,27,1,분식,대구광역시,6347
202201,27,1,카페/패스트푸드,대구광역시,6512
202201,27,1,한식,대구광역시,7168
202201,27,1,중식,대구광역시,7785
202201,27,1,양식,대구광역시,7827
202201,27,1,일식,대구광역시,8093
202201,28,1,카페/패스트푸드,인천광역시,7439
202201,28,1,분식,인천광역시,7807
202201,28,1,동남아,인천광역시,8050
202201,28,1,한식,인천광역시,8190
202201,28,1,중식,인천광역시,8243
202201,28,1,편의점,인천광역시,8460
202201,28,1,양식,인천광역시,8640
202201,28,1,일식,인천광역시,9344
202201,29,1,일식,광주광역시,10587
202201,29,1,양식,광주광역시,11109
202201,29,1,편의점,광주광역시,6403
202201,29,1,한식,광주광역시,6500
202201,29,1,카페/패스트푸드,광주광역시,7251
202201,29,1,중식,광주광역시,9242
202201,30,1,편의점,대전광역시,4559
202201,30,1,카페/패스트푸드,대전광역시,6484
202201,30,1,일식,대전광역시,7588
202201,30,1,양식,대전광역시,7968
202201,30,1,한식,대전광역시,8064
202201,30,1,분식,대전광역시,8136
202201,30,1,중식,대전광역시,8616
202201,31,1,한식,울산광역시,7857
202201,31,1,카페/패스트푸드,울산광역시,7950
202201,31,1,중식,울산광역시,9500
202201,36,1,한식,세종특별자치시,8484
202201,36,1,중식,세종특별자치시,8880
202201,41,1,동남아,경기도,10127
202201,41,1,편의점,경기도,6947
202201,41,1,카페/패스트푸드,경기도,7204
202201,41,1,한식,경기도,7703
202201,41,1,분식,경기도,8222
202201,41,1,양식,경기도,8502
202201,41,1,중식,경기도,8522
202201,41,1,일식,경기도,9256
202201,42,1,중식,강원도,10160
202201,42,1,일식,강원도,11963
202201,42,1,한식,강원도,7492
202201,42,1,분식,강원도,8470
202201,42,1,양식,강원도,8729
202201,42,1,카페/패스트푸드,강원도,9310
202201,43,1,편의점,충청북도,5813
202201,43,1,한식,충청북도,6888
202201,43,1,카페/패스트푸드,충청북도,6987
202201,43,1,중식,충청북도,8238
202201,44,1,일식,충청남도,10700
202201,44,1,한식,충청남도,6809
202201,44,1,편의점,충청남도,7248
202201,44,1,분식,충청남도,7307
202201,44,1,양식,충청남도,7763
202201,44,1,카페/패스트푸드,충청남도,7912
202201,44,1,중식,충청남도,9048
202201,46,1,양식,전라남도,10000
202201,46,1,분식,전라남도,7000
202201,46,1,카페/패스트푸드,전라남도,7694
202201,46,1,중식,전라남도,8063
202201,46,1,한식,전라남도,8290
202201,46,1,편의점,전라남도,9707
202201,47,1,중식,경상북도,11136
202201,47,1,편의점,경상북도,5703
202201,47,1,분식,경상북도,8125
202201,47,1,카페/패스트푸드,경상북도,8924
202201,47,1,한식,경상북도,9277
202201,48,1,한식,경상남도,7493
202201,48,1,분식,경상남도,7725
202201,48,1,카페/패스트푸드,경상남도,8060
202201,48,1,중식,경상남도,8684
202201,50,1,카페/패스트푸드,제주특별자치도,7194
202201,50,1,한식,제주특별자치도,7680
202202,11,1,편의점,서울특별시,5178
202202,11,1,카페/패스트푸드,서울특별시,6881
202202,11,1,분식,서울특별시,7099
202202,11,1,한식,서울특별시,8165
202202,11,1,중식,서울특별시,8408
202202,11,1,동남아,서울특별시,8700
202202,11,1,양식,서울특별시,9055
202202,11,1,일식,서울특별시,9162
202202,26,1,일식,부산광역시,10373
202202,26,1,분식,부산광역시,7346
202202,26,1,한식,부산광역시,7372
202202,26,1,카페/패스트푸드,부산광역시,7753
202202,26,1,동남아,부산광역시,7807
202202,26,1,편의점,부산광역시,8009
202202,26,1,양식,부산광역시,8259
202202,26,1,중식,부산광역시,8721
202202,27,1,편의점,대구광역시,5457
202202,27,1,분식,대구광역시,5774
202202,27,1,카페/패스트푸드,대구광역시,6775
202202,27,1,한식,대구광역시,6947
202202,27,1,양식,대구광역시,7350
202202,27,1,일식,대구광역시,7771
202202,27,1,중식,대구광역시,7941
202202,28,1,편의점,인천광역시,7559
202202,28,1,분식,인천광역시,7705
202202,28,1,카페/패스트푸드,인천광역시,7906
202202,28,1,동남아,인천광역시,8045
202202,28,1,양식,인천광역시,8215
202202,28,1,한식,인천광역시,8419
202202,28,1,중식,인천광역시,8559
202202,28,1,일식,인천광역시,9186
202202,29,1,일식,광주광역시,10364
202202,29,1,중식,광주광역시,10656
202202,29,1,양식,광주광역시,12847
202202,29,1,한식,광주광역시,6747
202202,29,1,카페/패스트푸드,광주광역시,8349
202202,29,1,편의점,광주광역시,9691
202202,30,1,편의점,대전광역시,4766
202202,30,1,카페/패스트푸드,대전광역시,6749
202202,30,1,분식,대전광역시,7357
202202,30,1,한식,대전광역시,8353
202202,30,1,중식,대전광역시,8433
202202,30,1,일식,대전광역시,8477
202202,30,1,양식,대전광역시,8506
202202,31,1,카페/패스트푸드,울산광역시,5650
202202,31,1,중식,울산광역시,8167
202202,31,1,한식,울산광역시,9000
202202,36,1,한식,세종특별자치시,8255
202202,36,1,중식,세종특별자치시,8900
202202,41,1,편의점,경기도,6050
202202,41,1,카페/패스트푸드,경기도,7586
202202,41,1,한식,경기도,7754
202202,41,1,중식,경기도,8429
202202,41,1,분식,경기도,8475
202202,41,1,일식,경기도,8797
202202,41,1,양식,경기도,9055
202202,41,1,동남아,경기도,9346
202202,42,1,일식,강원도,12288
202202,42,1,양식,강원도,12900
202202,42,1,한식,강원도,7868
202202,42,1,분식,강원도,8964
202202,42,1,중식,강원도,9287
202202,42,1,카페/패스트푸드,강원도,9727
202202,43,1,편의점,충청북도,5833
202202,43,1,한식,충청북도,6977
202202,43,1,카페/패스트푸드,충청북도,7586
202202,43,1,중식,충청북도,8579
202202,44,1,일식,충청남도,11060
202202,44,1,양식,충청남도,12372
202202,44,1,한식,충청남도,6628
202202,44,1,편의점,충청남도,7117
202202,44,1,분식,충청남도,7329
202202,44,1,카페/패스트푸드,충청남도,8089
202202,44,1,중식,충청남도,9634
202202,46,1,분식,전라남도,7000
202202,46,1,한식,전라남도,7447
202202,46,1,중식,전라남도,7779
202202,46,1,카페/패스트푸드,전라남도,7957
202202,46,1,편의점,전라남도,8930
202202,46,1,양식,전라남도,9500
202202,47,1,편의점,경상북도,5742
202202,47,1,카페/패스트푸드,경상북도,7693
202202,47,1,분식,경상북도,9010
202202,47,1,한식,경상북도,9388
202202,47,1,중식,경상북도,9400
202202,48,1,한식,경상남도,7605
202202,48,1,카페/패스트푸드,경상남도,7846
202202,48,1,중식,경상남도,8212
202202,48,1,분식,경상남도,8217
202202,50,1,카페/패스트푸드,제주특별자치도,5589
202202,50,1,한식,제주특별자치도,7867
202203,11,1,편의점,서울특별시,6095
202203,11,1,카페/패스트푸드,서울특별시,7042
202203,11,1,분식,서울특별시,7193
202203,11,1,한식,서울특별시,7736
202203,11,1,중식,서울특별시,8570
202203,11,1,동남아,서울특별시,8618
202203,11,1,양식,서울특별시,8766
202203,11,1,일식,서울특별시,9056
202203,26,1,편의점,부산광역시,5288
202203,26,1,한식,부산광역시,7413
202203,26,1,분식,부산광역시,7461
202203,26,1,카페/패스트푸드,부산광역시,7503
202203,26,1,양식,부산광역시,8285
202203,26,1,동남아,부산광역시,8358
202203,26,1,중식,부산광역시,8465
202203,26,1,일식,부산광역시,9457
202203,27,1,편의점,대구광역시,5468
202203,27,1,분식,대구광역시,6176
202203,27,1,카페/패스트푸드,대구광역시,6355
202203,27,1,양식,대구광역시,7450
202203,27,1,한식,대구광역시,7950
202203,27,1,일식,대구광역시,7952
202203,27,1,중식,대구광역시,8031
202203,28,1,분식,인천광역시,6619
202203,28,1,카페/패스트푸드,인천광역시,7640
202203,28,1,편의점,인천광역시,8208
202203,28,1,동남아,인천광역시,8285
202203,28,1,한식,인천광역시,8376
202203,28,1,중식,인천광역시,8670
202203,28,1,일식,인천광역시,9113
202203,28,1,양식,인천광역시,9317
202203,29,1,편의점,광주광역시,5530
202203,29,1,카페/패스트푸드,광주광역시,5987
202203,29,1,한식,광주광역시,6377
202203,29,1,중식,광주광역시,9295
202203,29,1,양식,광주광역시,9981
202203,30,1,편의점,대전광역시,5417
202203,30,1,카페/패스트푸드,대전광역시,6806
202203,30,1,분식,대전광역시,8283
202203,30,1,한식,대전광역시,8300
202203,30,1,중식,대전광역시,8546
202203,30,1,일식,대전광역시,8563
202203,30,1,양식,대전광역시,8997
202203,31,1,한식,울산광역시,14000
202203,31,1,중식,울산광역시,7714
202203,31,1,카페/패스트푸드,울산광역시,9300
202203,36,1,한식,세종특별자치시,8033
202203,36,1,중식,세종특별자치시,9000
202203,41,1,편의점,경기도,6800
202203,41,1,한식,경기도,7355
202203,41,1,카페/패스트푸드,경기도,7808
202203,41,1,분식,경기도,8248
202203,41,1,일식,경기도,8646
202203,41,1,중식,경기도,8779
202203,41,1,양식,경기도,8927
202203,41,1,동남아,경기도,9390
202203,42,1,일식,강원도,12557
202203,42,1,양식,강원도,5875
202203,42,1,한식,강원도,7635
202203,42,1,분식,강원도,7983
202203,42,1,카페/패스트푸드,강원도,9391
202203,42,1,중식,강원도,9467
202203,43,1,편의점,충청북도,5750
202203,43,1,카페/패스트푸드,충청북도,6970
202203,43,1,한식,충청북도,7288
202203,43,1,중식,충청북도,9000
202203,44,1,일식,충청남도,13529
202203,44,1,한식,충청남도,6529
202203,44,1,분식,충청남도,6746
202203,44,1,편의점,충청남도,7000
202203,44,1,카페/패스트푸드,충청남도,7486
202203,44,1,중식,충청남도,8636
202203,44,1,양식,충청남도,9117
202203,46,1,분식,전라남도,7000
202203,46,1,카페/패스트푸드,전라남도,7373
202203,46,1,중식,전라남도,7781
202203,46,1,한식,전라남도,8307
202203,46,1,편의점,전라남도,9767
202203,47,1,중식,경상북도,10111
202203,47,1,편의점,경상북도,5454
202203,47,1,카페/패스트푸드,경상북도,7502
202203,47,1,한식,경상북도,9530
202203,47,1,분식,경상북도,9872
202203,48,1,한식,경상남도,7506
202203,48,1,카페/패스트푸드,경상남도,7824
202203,48,1,중식,경상남도,8148
202203,48,1,분식,경상남도,8272
202203,50,1,카페/패스트푸드,제주특별자치도,6789
202203,50,1,한식,제주특별자치도,7759
202204,11,1,편의점,서울특별시,5418
202204,11,1,분식,서울특별시,6993
202204,11,1,카페/패스트푸드,서울특별시,7015
202204,11,1,한식,서울특별시,7669
202204,11,1,중식,서울특별시,8473
202204,11,1,동남아,서울특별시,8498
202204,11,1,양식,서울특별시,8620
202204,11,1,일식,서울특별시,8874
202204,26,1,일식,부산광역시,10522
202204,26,1,편의점,부산광역시,5067
202204,26,1,분식,부산광역시,7500
202204,26,1,카페/패스트푸드,부산광역시,7527
202204,26,1,한식,부산광역시,7547
202204,26,1,동남아,부산광역시,7616
202204,26,1,양식,부산광역시,8321
202204,26,1,중식,부산광역시,8429
202204,27,1,편의점,대구광역시,5037
202204,27,1,분식,대구광역시,5373
202204,27,1,카페/패스트푸드,대구광역시,5751
202204,27,1,한식,대구광역시,7054
202204,27,1,일식,대구광역시,8073
202204,27,1,양식,대구광역시,8125
202204,27,1,중식,대구광역시,8380
202204,28,1,한식,인천광역시,6334
202204,28,1,카페/패스트푸드,인천광역시,7056
202204,28,1,편의점,인천광역시,7418
202204,28,1,분식,인천광역시,7927
202204,28,1,양식,인천광역시,8628
202204,28,1,중식,인천광역시,8911
202204,28,1,동남아,인천광역시,8932
202204,28,1,일식,인천광역시,8932
202204,29,1,양식,광주광역시,10169
202204,29,1,편의점,광주광역시,5688
202204,29,1,카페/패스트푸드,광주광역시,5788
202204,29,1,한식,광주광역시,6963
202204,29,1,중식,광주광역시,9229
202204,30,1,양식,대전광역시,11277
202204,30,1,편의점,대전광역시,4947
202204,30,1,카페/패스트푸드,대전광역시,6726
202204,30,1,분식,대전광역시,6849
202204,30,1,한식,대전광역시,8342
202204,30,1,일식,대전광역시,8386
202204,30,1,중식,대전광역시,9145
202204,36,1,카페/패스트푸드,세종특별자치시,4550
202204,36,1,한식,세종특별자치시,7502
202204,36,1,일식,세종특별자치시,8900
202204,36,1,중식,세종특별자치시,8950
202204,41,1,편의점,경기도,6991
202204,41,1,한식,경기도,7365
202204,41,1,카페/패스트푸드,경기도,7637
202204,41,1,일식,경기도,8482
202204,41,1,분식,경기도,8682
202204,41,1,중식,경기도,8728
202204,41,1,양식,경기도,9099
202204,41,1,동남아,경기도,9509
202204,42,1,카페/패스트푸드,강원도,10557
202204,42,1,일식,강원도,12474
202204,42,1,한식,강원도,7753
202204,42,1,양식,강원도,8750
202204,42,1,중식,강원도,9130
202204,42,1,분식,강원도,9233
202204,43,1,편의점,충청북도,5473
202204,43,1,한식,충청북도,6212
202204,43,1,카페/패스트푸드,충청북도,7143
202204,43,1,중식,충청북도,9167
202204,44,1,한식,충청남도,5917
202204,44,1,중식,충청남도,6154
202204,44,1,편의점,충청남도,6619
202204,44,1,분식,충청남도,7859
202204,44,1,카페/패스트푸드,충청남도,7897
202204,44,1,양식,충청남도,9440
202204,44,1,일식,충청남도,9640
202204,45,1,한식,전라북도,4713
202204,46,1,분식,전라남도,7000
202204,46,1,중식,전라남도,7762
202204,46,1,카페/패스트푸드,전라남도,7862
202204,46,1,한식,전라남도,8110
202204,46,1,편의점,전라남도,9983
202204,47,1,편의점,경상북도,5210
202204,47,1,카페/패스트푸드,경상북도,6861
202204,47,1,한식,경상북도,9312
202204,47,1,분식,경상북도,9373
202204,47,1,중식,경상북도,9622
202204,48,1,한식,경상남도,7326
202204,48,1,카페/패스트푸드,경상남도,7682
202204,48,1,분식,경상남도,9400
202204,48,1,중식,경상남도,9415
202204,50,1,카페/패스트푸드,제주특별자치도,6931
202204,50,1,한식,제주특별자치도,7794
202205,11,1,편의점,서울특별시,4640
202205,11,1,카페/패스트푸드,서울특별시,6893
202205,11,1,분식,서울특별시,7068
202205,11,1,한식,서울특별시,7696
202205,11,1,중식,서울특별시,8522
202205,11,1,양식,서울특별시,8862
202205,11,1,동남아,서울특별시,8961
202205,11,1,일식,서울특별시,9152
202205,26,1,일식,부산광역시,10254
202205,26,1,카페/패스트푸드,부산광역시,7310
202205,26,1,분식,부산광역시,7473
202205,26,1,한식,부산광역시,7672
202205,26,1,동남아,부산광역시,8177
202205,26,1,편의점,부산광역시,8369
202205,26,1,양식,부산광역시,8407
202205,26,1,중식,부산광역시,9083
202205,27,1,카페/패스트푸드,대구광역시,5282
202205,27,1,분식,대구광역시,5522
202205,27,1,편의점,대구광역시,5806
202205,27,1,양식,대구광역시,6250
202205,27,1,한식,대구광역시,7018
202205,27,1,중식,대구광역시,7865
202205,27,1,일식,대구광역시,8688
202205,28,1,한식,인천광역시,6232
202205,28,1,분식,인천광역시,6869
202205,28,1,카페/패스트푸드,인천광역시,6892
202205,28,1,편의점,인천광역시,7602
202205,28,1,중식,인천광역시,8509
202205,28,1,양식,인천광역시,8567
202205,28,1,동남아,인천광역시,8596
202205,28,1,일식,인천광역시,8740
202205,29,1,양식,광주광역시,11550
202205,29,1,일식,광주광역시,4050
202205,29,1,한식,광주광역시,6195
202205,29,1,카페/패스트푸드,광주광역시,6420
202205,29,1,편의점,광주광역시,7021
202205,29,1,중식,광주광역시,9533
202205,30,1,편의점,대전광역시,5004
202205,30,1,카페/패스트푸드,대전광역시,6644
202205,30,1,분식,대전광역시,7494
202205,30,1,한식,대전광역시,8757
202205,30,1,일식,대전광역시,8795
202205,30,1,중식,대전광역시,8838
202205,30,1,양식,대전광역시,9956
202205,31,1,카페/패스트푸드,울산광역시,14000
202205,36,1,카페/패스트푸드,세종특별자치시,6727
202205,36,1,한식,세종특별자치시,7844
202205,36,1,일식,세종특별자치시,8907
202205,36,1,중식,세종특별자치시,9000
202205,41,1,편의점,경기도,6010
202205,41,1,한식,경기도,7333
202205,41,1,카페/패스트푸드,경기도,7470
202205,41,1,분식,경기도,7989
202205,41,1,중식,경기도,8303
202205,41,1,일식,경기도,8598
202205,41,1,양식,경기도,9224
202205,41,1,동남아,경기도,9265
202205,42,1,일식,강원도,12320
202205,42,1,양식,강원도,14000
202205,42,1,한식,강원도,7664
202205,42,1,분식,강원도,8435
202205,42,1,중식,강원도,9502
202205,42,1,카페/패스트푸드,강원도,9516
202205,43,1,한식,충청북도,5811
202205,43,1,편의점,충청북도,6006
202205,43,1,카페/패스트푸드,충청북도,8645
202205,43,1,중식,충청북도,8667
202205,44,1,일식,충청남도,10125
202205,44,1,편의점,충청남도,6446
202205,44,1,한식,충청남도,7269
202205,44,1,분식,충청남도,7680
202205,44,1,카페/패스트푸드,충청남도,8804
202205,44,1,중식,충청남도,8944
202205,44,1,양식,충청남도,9734
202205,45,1,한식,전라북도,4700
202205,46,1,분식,전라남도,7000
202205,46,1,카페/패스트푸드,전라남도,7766
202205,46,1,한식,전라남도,8331
202205,46,1,편의점,전라남도,8728
202205,46,1,중식,전라남도,8762
202205,47,1,편의점,경상북도,5234
202205,47,1,카페/패스트푸드,경상북도,7480
202205,47,1,한식,경상북도,8590
202205,47,1,분식,경상북도,9095
202205,47,1,중식,경상북도,9414
202205,48,1,일식,경상남도,15800
202205,48,1,카페/패스트푸드,경상남도,7301
202205,48,1,한식,경상남도,7413
202205,48,1,중식,경상남도,9390
202205,50,1,편의점,제주특별자치도,5733
202205,50,1,카페/패스트푸드,제주특별자치도,8047
202205,50,1,한식,제주특별자치도,8379
202206,11,1,편의점,서울특별시,4952
202206,11,1,카페/패스트푸드,서울특별시,6766
202206,11,1,분식,서울특별시,7306
202206,11,1,한식,서울특별시,7695
202206,11,1,중식,서울특별시,8419
202206,11,1,양식,서울특별시,8584
202206,11,1,동남아,서울특별시,8854
202206,11,1,일식,서울특별시,9244
202206,26,1,일식,부산광역시,10846
202206,26,1,편의점,부산광역시,5423
202206,26,1,카페/패스트푸드,부산광역시,6714
202206,26,1,한식,부산광역시,8125
202206,26,1,분식,부산광역시,8199
202206,26,1,양식,부산광역시,8271
202206,26,1,동남아,부산광역시,8872
202206,26,1,중식,부산광역시,9136
202206,27,1,분식,대구광역시,3750
202206,27,1,일식,대구광역시,5604
202206,27,1,카페/패스트푸드,대구광역시,5928
202206,27,1,편의점,대구광역시,6399
202206,27,1,한식,대구광역시,7206
202206,27,1,중식,대구광역시,7950
202206,28,1,한식,인천광역시,6514
202206,28,1,분식,인천광역시,7036
202206,28,1,카페/패스트푸드,인천광역시,7290
202206,28,1,편의점,인천광역시,7936
202206,28,1,중식,인천광역시,8813
202206,28,1,양식,인천광역시,8979
202206,28,1,동남아,인천광역시,8992
202206,28,1,일식,인천광역시,9667
202206,29,1,편의점,광주광역시,5128
202206,29,1,한식,광주광역시,6256
202206,29,1,카페/패스트푸드,광주광역시,7349
202206,29,1,중식,광주광역시,9167
202206,29,1,양식,광주광역시,9500
202206,30,1,편의점,대전광역시,5356
202206,30,1,카페/패스트푸드,대전광역시,7386
202206,30,1,한식,대전광역시,7734
202206,30,1,분식,대전광역시,8127
202206,30,1,중식,대전광역시,8424
202206,30,1,일식,대전광역시,9607
202206,30,1,양식,대전광역시,9814
202206,31,1,카페/패스트푸드,울산광역시,11000
202206,36,1,한식,세종특별자치시,8415
202206,36,1,카페/패스트푸드,세종특별자치시,8689
202206,36,1,중식,세종특별자치시,8905
202206,36,1,일식,세종특별자치시,8959
202206,41,1,편의점,경기도,5617
202206,41,1,한식,경기도,7320
202206,41,1,카페/패스트푸드,경기도,7473
202206,41,1,분식,경기도,8006
202206,41,1,중식,경기도,8685
202206,41,1,양식,경기도,8874
202206,41,1,일식,경기도,8915
202206,41,1,동남아,경기도,9450
202206,42,1,양식,강원도,10200
202206,42,1,중식,강원도,10299
202206,42,1,일식,강원도,13179
202206,42,1,분식,강원도,7778
202206,42,1,한식,강원도,7967
202206,42,1,카페/패스트푸드,강원도,8679
202206,43,1,카페/패스트푸드,충청북도,10327
202206,43,1,한식,충청북도,5861
202206,43,1,편의점,충청북도,7580
202206,43,1,중식,충청북도,8167
202206,44,1,양식,충청남도,11450
202206,44,1,편의점,충청남도,5828
202206,44,1,한식,충청남도,7402
202206,44,1,일식,충청남도,7760
202206,44,1,분식,충청남도,7959
202206,44,1,카페/패스트푸드,충청남도,8340
202206,44,1,중식,충청남도,9287
202206,45,1,한식,전라북도,4700
202206,46,1,분식,전라남도,7000
202206,46,1,카페/패스트푸드,전라남도,7680
202206,46,1,한식,전라남도,8410
202206,46,1,양식,전라남도,8500
202206,46,1,중식,전라남도,8778
202206,46,1,편의점,전라남도,9134
202206,47,1,편의점,경상북도,5230
202206,47,1,카페/패스트푸드,경상북도,6474
202206,47,1,중식,경상북도,8600
202206,47,1,한식,경상북도,8932
202206,47,1,분식,경상북도,9106
202206,48,1,카페/패스트푸드,경상남도,6916
202206,48,1,한식,경상남도,6939
202206,48,1,분식,경상남도,7971
202206,48,1,중식,경상남도,8259
202206,50,1,카페/패스트푸드,제주특별자치도,5440
202206,50,1,편의점,제주특별자치도,6000
202206,50,1,한식,제주특별자치도,8418
202207,11,1,편의점,서울특별시,5144
202207,11,1,카페/패스트푸드,서울특별시,7140
202207,11,1,분식,서울특별시,7442
202207,11,1,한식,서울특별시,7762
202207,11,1,양식,서울특별시,7833
202207,11,1,중식,서울특별시,8640
202207,11,1,일식,서울특별시,9216
202207,11,1,동남아,서울특별시,9923
202207,26,1,카페/패스트푸드,부산광역시,7432
202207,26,1,한식,부산광역시,7745
202207,26,1,편의점,부산광역시,8210
202207,26,1,분식,부산광역시,8264
202207,26,1,일식,부산광역시,8915
202207,26,1,양식,부산광역시,9093
202207,26,1,중식,부산광역시,9419
202207,26,1,동남아,부산광역시,9485
202207,27,1,분식,대구광역시,5300
202207,27,1,카페/패스트푸드,대구광역시,5620
202207,27,1,일식,대구광역시,6057
202207,27,1,편의점,대구광역시,6730
202207,27,1,한식,대구광역시,7263
202207,27,1,중식,대구광역시,7418
202207,28,1,카페/패스트푸드,인천광역시,6501
202207,28,1,한식,인천광역시,6561
202207,28,1,분식,인천광역시,7350
202207,28,1,일식,인천광역시,7711
202207,28,1,양식,인천광역시,8517
202207,28,1,중식,인천광역시,8735
202207,28,1,편의점,인천광역시,8739
202207,28,1,동남아,인천광역시,9639
202207,29,1,중식,광주광역시,11316
202207,29,1,양식,광주광역시,11564
202207,29,1,한식,광주광역시,6235
202207,29,1,카페/패스트푸드,광주광역시,6255
202207,29,1,편의점,광주광역시,6644
202207,30,1,동남아,대전광역시,10000
202207,30,1,편의점,대전광역시,4986
202207,30,1,카페/패스트푸드,대전광역시,6243
202207,30,1,한식,대전광역시,8419
202207,30,1,양식,대전광역시,8608
202207,30,1,분식,대전광역시,8810
202207,30,1,중식,대전광역시,9145
202207,31,1,카페/패스트푸드,울산광역시,15700
202207,36,1,카페/패스트푸드,세종특별자치시,7603
202207,36,1,한식,세종특별자치시,8665
202207,36,1,일식,세종특별자치시,9564
202207,36,1,중식,세종특별자치시,9667
202207,41,1,편의점,경기도,5794
202207,41,1,한식,경기도,7596
202207,41,1,카페/패스트푸드,경기도,7666
202207,41,1,분식,경기도,8494
202207,41,1,동남아,경기도,9149
202207,41,1,중식,경기도,9175
202207,41,1,일식,경기도,9216
202207,41,1,양식,경기도,9234
202207,42,1,중식,강원도,10533
202207,42,1,일식,강원도,13053
202207,42,1,양식,강원도,14000
202207,42,1,카페/패스트푸드,강원도,7807
202207,42,1,한식,강원도,8002
202207,42,1,분식,강원도,8809
202207,43,1,편의점,충청북도,5710
202207,43,1,한식,충청북도,5725
202207,43,1,카페/패스트푸드,충청북도,7181
202207,43,1,중식,충청북도,8375
202207,44,1,양식,충청남도,10750
202207,44,1,편의점,충청남도,6244
202207,44,1,한식,충청남도,7525
202207,44,1,분식,충청남도,7673
202207,44,1,카페/패스트푸드,충청남도,7830
202207,44,1,중식,충청남도,9232
202207,45,1,한식,전라북도,4700
202207,46,1,양식,전라남도,10000
202207,46,1,분식,전라남도,7000
202207,46,1,카페/패스트푸드,전라남도,7823
202207,46,1,한식,전라남도,8453
202207,46,1,중식,전라남도,9212
202207,46,1,편의점,전라남도,9713
202207,47,1,편의점,경상북도,5063
202207,47,1,카페/패스트푸드,경상북도,7056
202207,47,1,분식,경상북도,8694
202207,47,1,한식,경상북도,8844
202207,47,1,중식,경상북도,9261
202207,48,1,분식,경상남도,4700
202207,48,1,카페/패스트푸드,경상남도,6871
202207,48,1,한식,경상남도,7486
202207,48,1,중식,경상남도,9143
202207,50,1,중식,제주특별자치도,12917
202207,50,1,카페/패스트푸드,제주특별자치도,5483
202207,50,1,한식,제주특별자치도,8511
202207,50,1,편의점,제주특별자치도,8638
202208,11,1,편의점,서울특별시,6198
202208,11,1,카페/패스트푸드,서울특별시,7155
202208,11,1,분식,서울특별시,7597
202208,11,1,한식,서울특별시,7858
202208,11,1,양식,서울특별시,7977
202208,11,1,중식,서울특별시,8572
202208,11,1,일식,서울특별시,9266
202208,11,1,동남아,서울특별시,9344
202208,26,1,일식,부산광역시,11414
202208,26,1,카페/패스트푸드,부산광역시,7192
202208,26,1,한식,부산광역시,7838
202208,26,1,편의점,부산광역시,8383
202208,26,1,동남아,부산광역시,8482
202208,26,1,분식,부산광역시,8732
202208,26,1,양식,부산광역시,9088
202208,26,1,중식,부산광역시,9569
202208,27,1,분식,대구광역시,4000
202208,27,1,카페/패스트푸드,대구광역시,5217
202208,27,1,편의점,대구광역시,5859
202208,27,1,일식,대구광역시,6177
202208,27,1,한식,대구광역시,6812
202208,27,1,중식,대구광역시,7985
202208,28,1,카페/패스트푸드,인천광역시,6214
202208,28,1,한식,인천광역시,6489
202208,28,1,분식,인천광역시,7769
202208,28,1,편의점,인천광역시,8481
202208,28,1,양식,인천광역시,8524
202208,28,1,중식,인천광역시,8886
202208,28,1,일식,인천광역시,9157
202208,28,1,동남아,인천광역시,9164
202208,29,1,중식,광주광역시,10217
202208,29,1,양식,광주광역시,11164
202208,29,1,편의점,광주광역시,4018
202208,29,1,카페/패스트푸드,광주광역시,6307
202208,29,1,한식,광주광역시,6462
202208,30,1,일식,대전광역시,14900
202208,30,1,편의점,대전광역시,5214
202208,30,1,카페/패스트푸드,대전광역시,6512
202208,30,1,중식,대전광역시,7549
202208,30,1,한식,대전광역시,7911
202208,30,1,양식,대전광역시,8523
202208,30,1,분식,대전광역시,9300
202208,31,1,양식,울산광역시,7900
202208,31,1,중식,울산광역시,8000
202208,36,1,중식,세종특별자치시,10000
202208,36,1,카페/패스트푸드,세종특별자치시,7638
202208,36,1,한식,세종특별자치시,8779
202208,36,1,일식,세종특별자치시,9200
202208,41,1,편의점,경기도,6660
202208,41,1,카페/패스트푸드,경기도,7457
202208,41,1,한식,경기도,7777
202208,41,1,분식,경기도,8352
202208,41,1,중식,경기도,8974
202208,41,1,동남아,경기도,9017
202208,41,1,양식,경기도,9139
202208,41,1,일식,경기도,9146
202208,42,1,양식,강원도,10750
202208,42,1,중식,강원도,11141
202208,42,1,일식,강원도,11828
202208,42,1,분식,강원도,6769
202208,42,1,카페/패스트푸드,강원도,7599
202208,42,1,한식,강원도,8509
202208,43,1,중식,충청북도,10010
202208,43,1,편의점,충청북도,6252
202208,43,1,한식,충청북도,6841
202208,43,1,카페/패스트푸드,충청북도,9712
202208,44,1,편의점,충청남도,6925
202208,44,1,카페/패스트푸드,충청남도,7484
202208,44,1,한식,충청남도,7575
202208,44,1,분식,충청남도,7780
202208,44,1,중식,충청남도,8960
202208,44,1,양식,충청남도,8970
202208,44,1,일식,충청남도,9739
202208,45,1,한식,전라북도,4700
202208,46,1,양식,전라남도,10000
202208,46,1,편의점,전라남도,10000
202208,46,1,분식,전라남도,7000
202208,46,1,한식,전라남도,7697
202208,46,1,카페/패스트푸드,전라남도,8054
202208,46,1,중식,전라남도,9688
202208,47,1,편의점,경상북도,4946
202208,47,1,카페/패스트푸드,경상북도,6284
202208,47,1,한식,경상북도,8676
202208,47,1,중식,경상북도,8727
202208,47,1,분식,경상북도,9800
202208,48,1,카페/패스트푸드,경상남도,6747
202208,48,1,한식,경상남도,7681
202208,48,1,중식,경상남도,9500
202208,50,1,중식,제주특별자치도,7125
202208,50,1,한식,제주특별자치도,8630
202208,50,1,카페/패스트푸드,제주특별자치도,8852
202208,50,1,편의점,제주특별자치도,9313
202209,11,1,편의점,서울특별시,5237
202209,11,1,카페/패스트푸드,서울특별시,7014
202209,11,1,분식,서울특별시,7550
202209,11,1,한식,서울특별시,7868
202209,11,1,양식,서울특별시,7877
202209,11,1,중식,서울특별시,8590
202209,11,1,일식,서울특별시,9377
202209,11,1,동남아,서울특별시,9541
202209,26,1,편의점,부산광역시,4426
202209,26,1,카페/패스트푸드,부산광역시,7249
202209,26,1,분식,부산광역시,7905
202209,26,1,한식,부산광역시,7954
202209,26,1,동남아,부산광역시,8383
202209,26,1,양식,부산광역시,9235
202209,26,1,중식,부산광역시,9631
202209,26,1,일식,부산광역시,9975
202209,27,1,일식,대구광역시,5622
202209,27,1,카페/패스트푸드,대구광역시,5767
202209,27,1,편의점,대구광역시,5876
202209,27,1,한식,대구광역시,7496
202209,27,1,중식,대구광역시,7643
202209,27,1,분식,대구광역시,8667
202209,27,1,양식,대구광역시,9370
202209,28,1,한식,인천광역시,6552
202209,28,1,분식,인천광역시,7567
202209,28,1,카페/패스트푸드,인천광역시,7653
202209,28,1,편의점,인천광역시,8461
202209,28,1,양식,인천광역시,8806
202209,28,1,중식,인천광역시,8856
202209,28,1,일식,인천광역시,9141
202209,28,1,동남아,인천광역시,9578
202209,29,1,일식,광주광역시,10000
202209,29,1,양식,광주광역시,11681
202209,29,1,카페/패스트푸드,광주광역시,5383
202209,29,1,편의점,광주광역시,5697
202209,29,1,한식,광주광역시,6834
202209,29,1,중식,광주광역시,9586
202209,29,1,분식,광주광역시,9617
202209,30,1,카페/패스트푸드,대전광역시,3795
202209,30,1,편의점,대전광역시,5093
202209,30,1,한식,대전광역시,7795
202209,30,1,중식,대전광역시,7808
202209,30,1,분식,대전광역시,8276
202209,30,1,양식,대전광역시,8362
202209,31,1,분식,울산광역시,7650
202209,31,1,중식,울산광역시,7800
202209,31,1,카페/패스트푸드,울산광역시,7919
202209,31,1,일식,울산광역시,8000
202209,31,1,한식,울산광역시,8000
202209,31,1,양식,울산광역시,8000
202209,36,1,중식,세종특별자치시,8174
202209,36,1,카페/패스트푸드,세종특별자치시,8724
202209,36,1,한식,세종특별자치시,9336
202209,36,1,일식,세종특별자치시,9900
202209,41,1,편의점,경기도,5684
202209,41,1,카페/패스트푸드,경기도,7685
202209,41,1,한식,경기도,7784
202209,41,1,분식,경기도,8660
202209,41,1,중식,경기도,9081
202209,41,1,양식,경기도,9204
202209,41,1,일식,경기도,9278
202209,41,1,동남아,경기도,9380
202209,42,1,중식,강원도,10636
202209,42,1,양식,강원도,10850
202209,42,1,일식,강원도,11246
202209,42,1,분식,강원도,7271
202209,42,1,한식,강원도,8234
202209,42,1,카페/패스트푸드,강원도,8370
202209,43,1,카페/패스트푸드,충청북도,10812
202209,43,1,중식,충청북도,11200
202209,43,1,편의점,충청북도,6249
202209,43,1,한식,충청북도,7266
202209,44,1,양식,충청남도,11750
202209,44,1,일식,충청남도,11819
202209,44,1,편의점,충청남도,6753
202209,44,1,카페/패스트푸드,충청남도,7080
202209,44,1,한식,충청남도,7620
202209,44,1,분식,충청남도,7743
202209,44,1,중식,충청남도,9179
202209,45,1,한식,전라북도,4700
202209,46,1,한식,전라남도,7171
202209,46,1,분식,전라남도,7917
202209,46,1,카페/패스트푸드,전라남도,8659
202209,46,1,편의점,전라남도,9375
202209,46,1,중식,전라남도,9556
202209,47,1,편의점,경상북도,4986
202209,47,1,카페/패스트푸드,경상북도,7208
202209,47,1,중식,경상북도,8684
202209,47,1,한식,경상북도,8971
202209,47,1,분식,경상북도,9350
202209,48,1,분식,경상남도,10800
202209,48,1,카페/패스트푸드,경상남도,6070
202209,48,1,한식,경상남도,7621
202209,48,1,중식,경상남도,9973
202209,50,1,카페/패스트푸드,제주특별자치도,5858
202209,50,1,중식,제주특별자치도,8000
202209,50,1,한식,제주특별자치도,8750
202209,50,1,편의점,제주특별자치도,9631
STD_YM,CTPV_CD,KDML_SP_CD,INDTY_CGR_NM,CTPV_NM,AVG_US_AMT
기준년월,시도코드,삼식구분코드,업종카테고리명,시도명,평균사용금액
